episode,steps,result,boss_hp_remaining,boss_hp_damaged,boss_hp_damaged_pct,boss_hp_ratio,phase_reached,avg_reward_all,reward_dealer,reward_tank,reward_healer,reward_support,damage_dealer,damage_tank,damage_healer,damage_support,damage_total,heal_done_healer,buffs_support,mechanic_success,mechanic_fail,stagger_success,stagger_fail,elapsed_sec
1,55,WIPE,691,209,23.22,0.7678,0,-247.36,-79.38,-334.49,-158.95,-248.64,0,35,108,66,209,160,1,0,0,0,0,1.0
2,37,WIPE,369,531,59.0,0.41,1,35.807,56.29,38.94,97.94,-29.46,360,78,27,66,531,120,2,0,0,0,0,1.1
3,78,WIPE,605,295,32.78,0.6722,1,-156.693,-80.94,-333.07,-63.1,-73.91,81,111,37,66,295,0,3,0,0,0,0,1.3
4,71,WIPE,594,306,34.0,0.66,1,-294.447,-87.65,-391.2,-265.8,-226.34,81,30,39,156,306,335,0,0,0,0,0,1.5
5,108,WIPE,612,288,32.0,0.68,1,-347.19,-64.76,-549.27,-310.8,-181.5,81,132,75,0,288,180,1,0,0,0,0,1.7
6,43,WIPE,606,294,32.67,0.6733,1,-8.62,3.88,-35.52,73.88,-64.22,198,30,21,45,294,160,5,0,0,0,0,2.0
7,68,WIPE,621,279,31.0,0.69,1,-206.337,-107.15,-245.27,-231.67,-142.07,81,63,72,63,279,430,5,0,0,0,0,2.2
8,56,WIPE,612,288,32.0,0.68,1,-188.217,-90.83,-184.15,-230.35,-150.15,159,33,51,45,288,115,7,0,0,0,0,2.4
9,58,WIPE,495,405,45.0,0.55,1,-105.89,49.83,-145.77,-9.1,-162.8,243,33,39,90,405,80,4,0,0,0,0,2.5
10,74,WIPE,633,267,29.67,0.7033,0,-186.01,-138.22,-310.83,-94.87,-152.33,120,111,36,0,267,80,1,0,0,0,0,2.7
11,52,WIPE,411,489,54.33,0.4567,1,25.99,47.74,-14.41,56.99,35.39,243,0,69,177,489,115,5,0,0,0,0,2.9
12,43,WIPE,585,315,35.0,0.65,1,-0.253,26.53,20.48,-30.72,9.48,198,0,51,66,315,65,1,0,0,0,0,3.1
13,73,WIPE,629,271,30.11,0.6989,1,-183.417,-60.48,-302.52,-68.52,-179.21,145,126,0,0,271,0,5,0,0,0,0,3.2
14,62,WIPE,627,273,30.33,0.6967,1,-292.893,-99.23,-418.21,-147.26,-313.21,81,126,21,45,273,65,2,0,0,0,0,3.4
15,83,WIPE,660,240,26.67,0.7333,0,-378.307,-87.65,-494.26,-166.84,-473.82,81,111,48,0,240,0,0,0,0,0,0,3.6
16,48,WIPE,492,408,45.33,0.5467,1,-9.803,30.58,-0.27,57.83,-86.97,324,45,39,0,408,105,2,0,0,0,0,3.9
17,35,WIPE,525,375,41.67,0.5833,1,-2.807,64.21,-33.54,25.96,-0.84,240,30,60,45,375,89,6,0,0,0,0,4.0
18,52,WIPE,33,867,96.33,0.0367,2,13.29,187.49,45.29,37.79,-43.21,759,0,21,87,867,0,3,0,0,0,0,4.1
19,39,WIPE,426,474,52.67,0.4733,1,43.287,75.52,13.02,12.92,103.92,399,0,9,66,474,80,4,0,0,0,0,4.2
20,64,WIPE,621,279,31.0,0.69,1,-254.093,-69.21,-377.83,-75.52,-308.93,81,15,9,174,279,0,2,0,0,0,0,4.4
21,63,WIPE,627,273,30.33,0.6967,1,-244.943,-45.84,-326.22,-155.59,-253.02,81,81,66,45,273,50,1,0,0,0,0,4.5
22,66,WIPE,597,303,33.67,0.6633,1,-297.083,-103.94,-446.55,-186.55,-258.15,0,63,18,222,303,70,6,0,0,0,0,4.8
23,31,WIPE,516,384,42.67,0.5733,1,47.867,72.25,72.5,42.0,29.1,237,48,9,90,384,80,1,0,0,0,0,4.9
24,37,WIPE,585,315,35.0,0.65,1,-1.527,9.29,91.34,26.34,-122.26,198,0,51,66,315,80,6,0,0,0,0,5.0
25,40,WIPE,621,279,31.0,0.69,1,-29.323,-69.64,6.31,-57.19,-37.09,159,15,60,45,279,104,3,0,0,0,0,5.1
26,91,WIPE,606,294,32.67,0.6733,1,-250.917,-41.55,-311.0,-353.0,-88.75,0,141,66,87,294,335,1,0,0,0,0,5.3
27,29,WIPE,612,288,32.0,0.68,1,5.753,67.97,47.62,-15.68,-14.68,198,0,0,90,288,0,4,0,0,0,0,5.5
28,37,WIPE,450,450,50.0,0.5,1,51.64,25.44,9.24,127.44,18.24,360,15,30,45,450,178,3,0,0,0,0,5.6
29,47,WIPE,255,645,71.67,0.2833,2,50.64,138.94,79.34,20.34,52.24,516,33,51,45,645,80,2,0,0,0,0,5.8
30,85,WIPE,621,279,31.0,0.69,1,-266.33,-72.88,-384.84,-131.95,-282.2,120,108,9,42,279,70,2,0,0,0,0,6.0
31,75,WIPE,729,171,19.0,0.81,0,-159.437,-29.54,-315.28,-71.28,-91.75,0,96,30,45,171,0,1,0,0,0,0,6.2
32,165,WIPE,675,225,25.0,0.75,0,-588.393,-77.52,-506.54,-1039.84,-218.8,81,60,39,45,225,560,1,0,0,0,0,6.8
33,35,WIPE,519,381,42.33,0.5767,1,-5.607,61.36,-4.14,-22.44,9.76,360,0,0,21,381,0,3,0,0,0,0,6.9
34,38,WIPE,351,549,61.0,0.39,1,15.997,126.23,19.73,27.23,1.03,519,0,30,0,549,30,0,0,0,0,0,7.0
35,43,WIPE,490,410,45.56,0.5444,1,-42.153,3.68,-85.72,30.38,-71.12,282,53,30,45,410,80,5,0,0,0,0,7.1
36,47,WIPE,420,480,53.33,0.4667,1,37.54,48.19,-3.66,152.34,-36.06,240,0,0,240,480,219,4,0,0,0,0,7.3
37,36,WIPE,459,441,49.0,0.51,1,-9.983,60.5,-55.95,58.05,-32.05,360,15,0,66,441,140,3,0,0,0,0,7.4
38,54,WIPE,777,123,13.67,0.8633,0,-174.57,-86.19,-226.18,-124.7,-172.83,81,33,9,0,123,60,3,0,0,0,0,7.6
39,66,WIPE,657,243,27.0,0.73,0,-308.633,-114.41,-483.95,-326.51,-115.44,0,63,69,111,243,0,5,0,0,0,0,7.7
40,37,WIPE,429,471,52.33,0.4767,1,17.773,79.09,77.24,13.94,-37.86,441,30,0,0,471,80,6,0,0,0,0,7.9
41,98,WIPE,630,270,30.0,0.7,1,-402.89,-104.83,-483.35,-436.17,-289.15,81,48,51,90,270,310,7,0,0,0,0,8.1
42,45,WIPE,498,402,44.67,0.5533,1,-29.94,2.76,-107.84,-4.84,22.86,201,0,21,180,402,185,6,0,0,0,0,8.4
43,76,WIPE,729,171,19.0,0.81,0,-342.21,-100.99,-538.48,-365.65,-122.5,0,81,0,90,171,160,5,0,0,0,0,8.6
44,88,WIPE,612,288,32.0,0.68,1,-323.003,-66.42,-348.87,-278.47,-341.67,81,144,63,0,288,435,5,0,0,0,0,8.8
45,61,WIPE,255,645,71.67,0.2833,2,-17.763,112.3,-6.3,49.2,-96.19,516,0,21,108,645,35,3,0,0,0,0,9.0
46,81,WIPE,708,192,21.33,0.7867,0,-208.367,-147.28,-429.7,-79.15,-116.25,162,30,0,0,192,80,2,0,0,0,0,9.4
47,35,WIPE,450,450,50.0,0.5,1,50.327,63.36,99.96,9.56,41.46,360,15,9,66,450,95,2,0,0,0,0,9.5
48,40,WIPE,441,459,51.0,0.49,1,-41.623,57.46,-50.49,-3.89,-70.49,360,33,21,45,459,70,7,0,0,0,0,9.6
49,86,WIPE,675,225,25.0,0.75,0,-227.723,-43.17,-480.85,-89.91,-112.41,81,45,9,90,225,0,3,0,0,0,0,9.8
50,59,WIPE,276,624,69.33,0.3067,2,12.66,53.72,66.82,-45.86,17.02,477,15,0,132,624,130,4,0,0,0,0,10.0
51,180,WIPE,645,255,28.33,0.7167,0,-617.92,-142.33,-525.8,-1192.59,-135.37,81,81,48,45,255,785,6,0,0,0,0,10.6
52,53,WIPE,627,273,30.33,0.6967,1,-180.187,-71.94,-150.52,-161.32,-228.72,81,81,0,111,273,175,7,0,0,0,0,10.8
53,51,VICTORY,0,900,100.0,0.0,2,1027.457,1163.49,1052.69,1022.39,1007.29,849,0,51,0,900,240,4,0,0,0,0,10.9
54,287,WIPE,653,247,27.44,0.7256,0,-799.983,-100.12,-385.86,-1919.96,-94.13,106,0,9,132,247,1210,3,0,0,0,0,11.9
55,61,WIPE,720,180,20.0,0.8,0,-322.747,-103.86,-540.3,-131.87,-296.07,0,171,9,0,180,80,2,0,0,0,0,12.1
56,32,WIPE,609,291,32.33,0.6767,1,14.557,61.69,11.49,21.49,10.69,237,33,21,0,291,35,0,0,0,0,0,12.2
57,34,WIPE,612,288,32.0,0.68,1,-16.897,21.07,-16.23,-9.33,-25.13,279,0,9,0,288,160,5,0,0,0,0,12.3
58,53,WIPE,611,289,32.11,0.6789,1,-103.317,-98.75,-135.52,-100.22,-74.21,81,76,0,132,289,185,4,0,0,0,0,12.5
59,53,WIPE,96,804,89.33,0.1067,2,-5.653,113.13,-41.42,30.98,-6.52,756,48,0,0,804,0,1,0,0,0,0,12.6
60,54,WIPE,165,735,81.67,0.1833,2,50.17,141.42,25.97,65.27,59.27,636,33,0,66,735,180,8,0,0,0,0,12.8
61,37,WIPE,533,367,40.78,0.5922,1,21.507,23.44,32.84,34.64,-2.96,279,60,28,0,367,130,3,0,0,0,0,13.0
62,83,WIPE,642,258,28.67,0.7133,0,-379.95,-120.62,-663.22,-282.36,-194.27,81,177,0,0,258,246,4,0,0,0,0,13.2
63,38,WIPE,588,312,34.67,0.6533,1,0.63,73.23,-85.27,109.73,-22.57,279,33,0,0,312,173,1,0,0,0,0,13.3
64,71,WIPE,666,234,26.0,0.74,0,-381.977,-92.28,-638.9,-317.16,-189.87,81,48,18,87,234,115,4,0,0,0,0,13.5
65,59,WIPE,582,318,35.33,0.6467,1,-53.497,31.97,-119.68,-80.23,39.42,120,96,18,84,318,0,3,0,0,0,0,13.7
66,57,WIPE,93,807,89.67,0.1033,2,-8.893,67.44,-141.86,87.94,27.24,558,141,87,21,807,165,1,0,0,0,0,14.0
67,100,WIPE,669,231,25.67,0.7433,0,-533.87,-102.99,-641.98,-693.09,-266.54,81,111,39,0,231,800,4,0,0,0,0,14.3
68,73,WIPE,639,261,29.0,0.71,0,-232.537,-88.35,-405.32,-96.2,-196.09,120,78,21,42,261,115,2,0,0,0,0,14.5
69,51,WIPE,804,96,10.67,0.8933,0,-220.027,-96.2,-306.0,-134.73,-219.35,0,75,21,0,96,80,0,0,0,0,0,14.6
70,36,WIPE,630,270,30.0,0.7,1,31.65,38.65,-8.05,13.85,89.15,240,30,0,0,270,150,3,0,0,0,0,14.8
71,67,WIPE,693,207,23.0,0.77,0,-151.847,-12.36,-240.03,-80.35,-135.16,0,144,0,63,207,210,3,0,0,0,0,15.0
72,46,WIPE,204,696,77.33,0.2267,2,104.583,134.9,43.15,173.55,97.05,477,48,60,111,696,197,4,0,0,0,0,15.1
73,32,WIPE,606,294,32.67,0.6733,1,29.023,82.64,31.89,42.49,12.69,240,0,9,45,294,25,5,0,0,0,0,15.2
74,72,WIPE,618,282,31.33,0.6867,1,-310.777,-75.76,-356.21,-250.41,-325.71,162,111,9,0,282,248,1,0,0,0,0,15.4
75,63,WIPE,630,270,30.0,0.7,1,-250.777,-39.84,-330.02,-110.99,-311.32,81,159,9,21,270,80,1,0,0,0,0,15.6
76,33,WIPE,564,336,37.33,0.6267,1,25.513,87.43,-20.22,34.48,62.28,240,33,21,42,336,0,4,0,0,0,0,15.8
77,34,WIPE,579,321,35.67,0.6433,1,23.303,50.27,56.27,24.57,-10.93,279,0,0,42,321,120,5,0,0,0,0,15.9
78,35,WIPE,540,360,40.0,0.6,1,8.627,97.31,-4.04,30.66,-0.74,282,78,0,0,360,0,1,0,0,0,0,16.0
79,37,WIPE,567,333,37.0,0.63,1,43.407,-40.71,63.64,95.54,-28.96,240,0,30,63,333,145,2,0,0,0,0,16.1
80,52,WIPE,629,271,30.11,0.6989,1,-2.377,0.29,-45.61,-4.71,43.19,159,70,0,42,271,100,6,0,0,0,0,16.3
81,49,WIPE,174,726,80.67,0.1933,2,60.32,190.32,45.42,32.62,102.92,486,15,51,174,726,85,1,0,0,0,0,16.4
82,53,WIPE,585,315,35.0,0.65,1,-129.053,-81.76,-150.72,-79.32,-157.12,81,78,0,156,315,150,2,0,0,0,0,16.6
83,94,WIPE,624,276,30.67,0.6933,1,-344.1,-85.34,-558.63,-155.59,-318.08,81,153,42,0,276,30,2,0,0,0,0,17.0
84,75,WIPE,630,270,30.0,0.7,1,-171.623,-119.03,-145.64,-135.69,-233.54,201,48,0,21,270,394,5,0,0,0,0,17.2
85,45,WIPE,399,501,55.67,0.4433,1,36.893,47.11,-13.04,64.16,59.56,438,0,18,45,501,281,2,0,0,0,0,17.3
86,31,WIPE,630,270,30.0,0.7,1,39.067,66.05,-8.3,88.2,37.3,198,33,39,0,270,107,4,0,0,0,0,17.4
87,55,WIPE,574,326,36.22,0.6378,1,-44.39,-10.84,125.16,-47.7,-210.63,0,169,28,129,326,240,5,0,0,0,0,17.6
88,62,WIPE,627,273,30.33,0.6967,1,-111.743,-87.11,-130.11,-66.42,-138.7,120,111,0,42,273,80,4,0,0,0,0,17.9
89,46,WIPE,381,519,57.67,0.4233,1,57.517,13.4,40.65,142.95,-11.05,399,15,60,45,519,280,6,0,0,0,0,18.0
90,36,WIPE,588,312,34.67,0.6533,1,14.317,-35.35,-80.35,106.65,16.65,162,96,9,45,312,65,0,0,0,0,0,18.1
91,41,WIPE,582,318,35.33,0.6467,1,-29.633,16.75,-8.9,-2.9,-77.1,120,0,0,198,318,145,6,0,0,0,0,18.2
92,35,WIPE,450,450,50.0,0.5,1,-8.44,82.86,-29.24,64.66,-60.74,399,0,9,42,450,100,1,0,0,0,0,18.3
93,60,WIPE,621,279,31.0,0.69,1,-60.553,-13.89,-110.09,-81.88,10.31,81,189,9,0,279,160,3,0,0,0,0,18.5
94,54,WIPE,627,273,30.33,0.6967,1,-172.41,-114.39,-209.43,-103.57,-204.23,162,0,21,90,273,160,4,0,0,0,0,18.8
95,78,WIPE,619,281,31.22,0.6878,1,-318.127,-69.21,-497.67,-263.37,-193.34,81,83,9,108,281,500,2,0,0,0,0,19.0
96,35,WIPE,513,387,43.0,0.57,1,21.36,-0.79,28.26,52.96,-17.14,321,0,21,45,387,191,4,0,0,0,0,19.1
97,40,WIPE,612,288,32.0,0.68,1,10.51,44.31,-0.69,35.31,-3.09,201,0,21,66,288,80,3,0,0,0,0,19.2
98,29,WIPE,606,294,32.67,0.6733,1,3.553,95.12,2.62,-9.48,17.52,279,15,0,0,294,54,3,0,0,0,0,19.2
99,49,WIPE,16,884,98.22,0.0178,2,60.953,162.37,77.72,90.62,14.52,753,73,58,0,884,195,2,0,0,0,0,19.4
100,29,WIPE,630,270,30.0,0.7,1,18.153,50.97,15.12,23.12,16.22,240,30,0,0,270,30,3,0,0,0,0,19.6
101,47,WIPE,87,813,90.33,0.0967,2,107.607,127.79,25.74,182.84,114.24,489,30,78,216,813,184,8,0,0,0,0,19.7
102,70,WIPE,600,300,33.33,0.6667,1,-43.723,21.51,-262.19,94.21,36.81,0,189,111,0,300,515,7,0,0,0,0,19.9
103,48,WIPE,624,276,30.67,0.6933,1,-20.703,-11.17,-17.97,-81.27,37.13,198,78,0,0,276,50,5,0,0,0,0,20.0
104,40,WIPE,627,273,30.33,0.6967,1,-78.39,-90.28,-23.99,-105.39,-105.79,162,15,51,45,273,100,0,0,0,0,0,20.1
105,53,WIPE,81,819,91.0,0.09,2,-16.553,186.33,-35.72,37.18,-51.12,675,63,60,21,819,180,3,0,0,0,0,20.3
106,30,WIPE,627,273,30.33,0.6967,1,-11.623,78.26,-18.89,-13.29,-2.69,198,0,9,66,273,45,4,0,0,0,0,20.5
107,172,WIPE,618,282,31.33,0.6867,1,-762.523,-50.94,-1106.21,-821.31,-360.05,81,171,30,0,282,340,5,0,0,0,0,21.0
108,47,WIPE,618,282,31.33,0.6867,1,-131.427,-92.62,-84.56,-138.16,-171.56,81,48,21,132,282,115,1,0,0,0,0,21.1
109,44,WIPE,486,414,46.0,0.54,1,43.903,-16.88,65.47,129.77,-63.53,321,0,27,66,414,260,4,0,0,0,0,21.2
110,31,WIPE,501,399,44.33,0.5567,1,57.467,70.9,143.7,30.3,-1.6,279,0,9,111,399,110,2,0,0,0,0,21.4
111,39,WIPE,585,315,35.0,0.65,1,69.787,57.72,75.02,67.92,66.42,240,0,9,66,315,210,2,0,0,0,0,21.6
112,49,WIPE,171,729,81.0,0.19,2,38.987,110.57,83.72,8.02,25.22,681,0,48,0,729,80,2,0,0,0,0,21.7
113,30,WIPE,438,462,51.33,0.4867,1,27.01,121.76,-16.39,37.91,59.51,399,63,0,0,462,189,0,0,0,0,0,21.8
114,50,WIPE,62,838,93.11,0.0689,2,-15.823,125.96,-56.79,60.91,-51.59,664,78,30,66,838,85,6,0,0,0,0,21.9
115,38,WIPE,585,315,35.0,0.65,1,-26.103,44.53,-81.77,33.73,-30.27,162,108,0,45,315,145,6,0,0,0,0,22.0
116,53,WIPE,624,276,30.67,0.6933,1,-197.18,-85.34,-229.32,-176.32,-185.9,81,108,0,87,276,120,4,0,0,0,0,22.2
117,59,WIPE,624,276,30.67,0.6933,1,-236.847,-71.84,-283.68,-205.58,-221.28,162,45,27,42,276,254,2,0,0,0,0,22.4
118,38,WIPE,594,306,34.0,0.66,1,12.03,17.88,-6.07,23.93,18.23,162,33,21,90,306,270,4,0,0,0,0,22.6
119,64,WIPE,627,273,30.33,0.6967,1,-193.097,-87.04,-271.23,-176.83,-131.23,162,48,18,45,273,210,4,0,0,0,0,22.7
120,40,WIPE,438,462,51.33,0.4867,1,23.71,9.01,1.71,100.01,-30.59,360,0,36,66,462,90,4,0,0,0,0,22.8
121,300,TIMEOUT,639,261,29.0,0.71,0,-769.87,-0.57,-278.84,-1905.2,-125.57,0,219,21,21,261,1460,2,0,0,0,0,23.7
122,41,WIPE,627,273,30.33,0.6967,1,-22.733,-34.9,4.6,-32.7,-40.1,81,96,9,87,273,280,5,0,0,0,0,24.1
123,66,WIPE,609,291,32.33,0.6767,0,-248.303,-82.23,-487.65,-83.52,-173.74,0,225,21,45,291,0,2,0,0,0,0,24.3
124,53,WIPE,623,277,30.78,0.6922,1,-148.983,-123.41,-173.52,-118.41,-155.02,81,178,18,0,277,35,9,0,0,0,0,24.4
125,73,WIPE,594,306,34.0,0.66,1,-304.82,-61.71,-409.52,-170.52,-334.42,81,171,54,0,306,250,1,0,0,0,0,24.6
126,41,WIPE,447,453,50.33,0.4967,1,36.5,43.9,-18.4,81.8,46.1,324,111,18,0,453,99,1,0,0,0,0,24.7
127,56,WIPE,624,276,30.67,0.6933,1,-189.9,-68.94,-234.95,-117.2,-217.55,240,15,21,0,276,50,3,0,0,0,0,25.0
128,50,WIPE,585,315,35.0,0.65,1,-2.39,30.86,-98.49,42.11,49.21,81,93,30,111,315,165,3,0,0,0,0,25.1
129,47,WIPE,324,576,64.0,0.36,1,39.273,-84.16,18.14,67.44,32.24,201,96,57,222,576,269,5,0,0,0,0,25.3
130,41,WIPE,366,534,59.33,0.4067,1,-20.05,128.3,7.4,-70.05,2.5,438,0,30,66,534,0,4,0,0,0,0,25.4
131,43,WIPE,600,300,33.33,0.6667,1,1.353,92.48,63.08,-87.2,28.18,162,99,39,0,300,160,1,0,0,0,0,25.5
132,28,WIPE,612,288,32.0,0.68,1,53.063,49.83,51.93,40.13,67.13,201,78,9,0,288,30,3,0,0,0,0,25.6
133,68,WIPE,627,273,30.33,0.6967,1,-246.937,-108.57,-417.57,-77.31,-245.93,0,219,9,45,273,0,2,0,0,0,0,25.9
134,43,WIPE,628,272,30.22,0.6978,1,-94.02,-91.41,-153.42,-73.02,-55.62,162,53,57,0,272,0,3,0,0,0,0,26.0
135,26,WIPE,363,537,59.67,0.4033,1,29.083,125.15,26.95,56.35,3.95,396,66,30,45,537,48,3,0,0,0,0,26.1
136,62,WIPE,172,728,80.89,0.1911,2,56.023,86.74,-37.11,207.29,-2.11,558,98,27,45,728,375,6,0,0,0,0,26.3
137,50,WIPE,570,330,36.67,0.6333,1,-130.49,-77.99,-156.79,-113.49,-121.19,81,111,48,90,330,135,3,0,0,0,0,26.4
138,32,WIPE,368,532,59.11,0.4089,1,16.49,1.54,-14.81,54.09,10.19,424,63,0,45,532,200,4,0,0,0,0,26.5
139,41,WIPE,609,291,32.33,0.6767,1,-97.9,-84.13,-99.7,-73.1,-120.9,81,96,27,87,291,259,3,0,0,0,0,26.8
140,38,WIPE,534,366,40.67,0.5933,1,63.297,39.58,-43.87,124.03,109.73,279,33,9,45,366,172,4,0,0,0,0,26.9
141,29,WIPE,468,432,48.0,0.52,1,20.387,120.62,3.12,38.72,19.32,399,15,18,0,432,83,5,0,0,0,0,27.0
142,34,WIPE,456,444,49.33,0.5067,1,24.17,34.07,-14.83,7.07,80.27,321,45,33,45,444,85,4,0,0,0,0,27.1
143,65,WIPE,27,873,97.0,0.03,2,90.593,120.46,67.26,99.76,104.76,486,237,18,132,873,189,4,0,0,0,0,27.3
144,49,WIPE,615,285,31.67,0.6833,1,-35.103,-0.43,-46.98,-73.25,14.92,120,144,21,0,285,103,1,0,0,0,0,27.4
145,33,WIPE,561,339,37.67,0.6233,1,24.28,66.58,28.68,-4.52,48.68,321,0,18,0,339,35,4,0,0,0,0,27.6
146,44,VICTORY,0,900,100.0,0.0,2,1037.527,1121.71,937.76,1131.46,1043.36,753,48,78,21,900,115,1,0,0,0,0,27.7
147,36,WIPE,459,441,49.0,0.51,1,-33.517,79.5,-3.95,9.05,-105.65,330,33,33,45,441,80,3,0,0,0,0,27.8
148,34,VICTORY,0,900,100.0,0.0,2,1047.693,1219.26,1044.76,1058.26,1040.06,846,0,9,45,900,96,1,0,0,0,0,28.0
149,33,WIPE,462,438,48.67,0.5133,1,6.68,71.78,-21.42,24.88,16.58,399,30,9,0,438,50,1,0,0,0,0,28.1
150,86,WIPE,618,282,31.33,0.6867,1,-286.753,-84.15,-416.95,-324.95,-118.36,81,126,9,66,282,209,1,0,0,0,0,28.3
151,35,WIPE,525,375,41.67,0.5833,1,18.193,64.41,-20.84,111.16,-35.74,318,48,9,0,375,201,2,0,0,0,0,28.6
152,45,VICTORY,0,900,100.0,0.0,2,993.25,1061.8,930.85,1061.55,987.35,717,63,9,111,900,255,3,0,0,0,0,28.7
153,74,VICTORY,0,900,100.0,0.0,2,6.713,-26.08,-6.33,184.27,-157.8,702,78,9,111,900,325,4,0,0,0,0,28.9
154,71,WIPE,612,288,32.0,0.68,1,-256.857,-111.28,-487.3,-164.49,-118.78,81,81,18,108,288,0,1,0,0,0,0,29.1
155,51,WIPE,621,279,31.0,0.69,1,-121.933,-121.1,-151.8,-97.4,-116.6,201,48,30,0,279,225,4,0,0,0,0,29.2
156,36,WIPE,426,474,52.67,0.4733,1,20.383,71.55,-22.05,79.05,4.15,438,15,21,0,474,127,0,0,0,0,0,29.5
157,33,WIPE,609,291,32.33,0.6767,1,20.413,25.63,36.58,4.88,19.78,201,0,0,90,291,35,3,0,0,0,0,29.6
158,60,WIPE,621,279,31.0,0.69,1,-148.723,-122.51,-215.79,-57.29,-173.09,240,30,9,0,279,399,2,0,0,0,0,29.7
159,38,VICTORY,0,900,100.0,0.0,2,1096.287,1221.27,1131.42,1118.52,1038.92,825,0,9,66,900,75,4,0,0,0,0,29.9
160,41,VICTORY,0,900,100.0,0.0,2,1029.523,1164.79,990.09,1124.49,973.99,726,33,9,132,900,212,4,0,0,0,0,30.0
161,32,WIPE,306,594,66.0,0.34,1,48.457,135.19,71.89,72.79,0.69,477,0,9,108,594,50,2,0,0,0,0,30.1
162,45,WIPE,588,312,34.67,0.6533,1,-8.44,-9.39,-51.14,39.86,-14.04,159,66,21,66,312,80,4,0,0,0,0,30.2
163,67,WIPE,621,279,31.0,0.69,1,-74.49,4.99,-88.36,-146.25,11.14,159,111,9,0,279,80,1,0,0,0,0,30.5
164,53,WIPE,624,276,30.67,0.6933,1,-5.487,-68.92,-127.12,135.78,-25.12,0,192,18,66,276,385,3,0,0,0,0,30.7
165,59,WIPE,417,483,53.67,0.4633,1,26.67,20.12,35.42,125.12,-80.53,321,33,18,111,483,421,2,0,0,0,0,30.9
166,33,VICTORY,0,900,100.0,0.0,2,1024.137,1172.47,1012.17,1078.17,982.07,786,48,0,66,900,0,2,0,0,0,0,31.0
167,38,VICTORY,0,900,100.0,0.0,2,1066.52,1150.32,996.02,1128.52,1075.02,702,81,30,87,900,206,5,0,0,0,0,31.1
168,26,WIPE,366,534,59.33,0.4067,1,35.717,125.15,61.05,36.65,9.45,435,45,9,45,534,25,3,0,0,0,0,31.2
169,38,VICTORY,0,900,100.0,0.0,2,1093.72,1138.62,1118.32,1148.52,1014.32,753,63,18,66,900,276,2,0,0,0,0,31.4
170,42,VICTORY,0,900,100.0,0.0,2,1033.247,1068.88,981.88,1024.08,1093.78,789,66,0,45,900,145,3,0,0,0,0,31.5
171,70,WIPE,620,280,31.11,0.6889,1,-241.793,-241.64,-363.49,-124.8,-237.09,0,208,27,45,280,370,2,0,0,0,0,31.7
172,54,VICTORY,0,900,100.0,0.0,2,10.87,184.07,85.37,41.97,-94.73,813,33,9,45,900,195,0,0,0,0,0,31.9
173,50,WIPE,630,270,30.0,0.7,1,19.777,-34.29,-45.89,129.71,-24.49,81,114,9,66,270,320,7,0,0,0,0,32.0
174,46,WIPE,618,282,31.33,0.6867,1,-129.35,-94.04,-184.05,-130.05,-73.95,81,96,39,66,282,295,4,0,0,0,0,32.1
175,60,WIPE,506,394,43.78,0.5622,1,-178.557,-105.01,-269.99,-78.79,-186.89,81,172,9,132,394,316,3,0,0,0,0,32.4
176,29,VICTORY,0,900,100.0,0.0,2,1050.543,1123.76,1038.71,1077.91,1035.01,708,66,18,108,900,126,4,0,0,0,0,32.5
177,45,VICTORY,0,900,100.0,0.0,2,1081.05,1102.7,1043.85,1200.45,998.85,631,149,9,111,900,230,1,0,0,0,0,32.6
178,46,VICTORY,0,900,100.0,0.0,2,1008.973,1165.99,1047.34,1020.94,958.64,711,15,18,156,900,395,4,0,0,0,0,32.8
179,40,WIPE,591,309,34.33,0.6567,1,-103.79,-71.66,-124.59,-135.79,-50.99,240,33,36,0,309,240,3,0,0,0,0,32.9
180,49,VICTORY,0,900,100.0,0.0,2,996.81,1175.01,1018.01,1005.61,966.81,822,15,0,63,900,115,3,0,0,0,0,33.0
181,54,WIPE,597,303,33.67,0.6633,1,-57.217,-59.28,-157.13,116.37,-130.89,159,96,27,21,303,619,4,0,0,0,0,33.3
182,43,VICTORY,0,900,100.0,0.0,2,54.98,188.13,104.48,68.78,-8.32,870,0,9,21,900,163,1,0,0,0,0,33.4
183,51,VICTORY,0,900,100.0,0.0,2,1011.523,1106.19,933.79,1053.89,1046.89,726,129,0,45,900,405,3,0,0,0,0,33.5
184,38,WIPE,360,540,60.0,0.4,1,-2.137,59.63,-60.87,146.03,-91.57,516,15,9,0,540,200,1,0,0,0,0,33.6
185,42,VICTORY,0,900,100.0,0.0,2,1098.813,1204.93,1110.18,1103.68,1082.58,846,0,9,45,900,128,2,0,0,0,0,33.8
186,38,VICTORY,0,900,100.0,0.0,2,1033.887,1160.17,999.32,1045.42,1056.92,801,0,9,90,900,177,3,0,0,0,0,33.9
187,41,WIPE,576,324,36.0,0.64,1,37.2,-25.4,54.6,142.6,-85.6,0,111,36,177,324,347,2,0,0,0,0,34.1
188,33,WIPE,321,579,64.33,0.3567,1,-11.653,102.33,22.88,-36.82,-21.02,516,0,63,0,579,100,1,0,0,0,0,34.2
189,47,VICTORY,0,900,100.0,0.0,2,1021.363,1145.63,1022.53,1040.23,1001.33,690,111,54,45,900,260,2,0,0,0,0,34.3
190,61,WIPE,627,273,30.33,0.6967,1,-152.767,-132.91,-270.6,-51.1,-136.6,81,81,45,66,273,315,2,0,0,0,0,34.5
191,47,WIPE,615,285,31.67,0.6833,1,-161.193,-95.07,-164.36,-118.86,-200.36,120,81,18,66,285,203,2,0,0,0,0,34.6
192,68,WIPE,630,270,30.0,0.7,1,-82.37,-4.57,-190.67,0.43,-56.87,81,171,18,0,270,220,1,0,0,0,0,34.9
193,44,VICTORY,0,900,100.0,0.0,2,645.83,1147.11,988.76,-79.83,1028.56,828,63,9,0,900,80,0,0,0,0,0,35.1
194,31,WIPE,384,516,57.33,0.4267,1,47.9,149.6,55.1,21.2,67.4,516,0,0,0,516,85,2,0,0,0,0,35.2
195,62,WIPE,627,273,30.33,0.6967,1,-97.91,-187.28,-118.71,-21.71,-153.31,81,96,51,45,273,462,2,0,0,0,0,35.4
196,29,WIPE,348,552,61.33,0.3867,1,42.687,126.47,19.62,30.32,78.12,477,0,9,66,552,83,2,0,0,0,0,35.5
197,39,VICTORY,0,900,100.0,0.0,2,1085.243,1160.36,1066.01,1126.81,1062.91,837,0,18,45,900,165,3,0,0,0,0,35.6
198,72,WIPE,630,270,30.0,0.7,1,-292.843,-46.25,-370.71,-224.71,-283.11,0,252,18,0,270,170,1,0,0,0,0,35.8
199,71,WIPE,771,129,14.33,0.8567,0,-186.35,-169.43,-285.95,-48.7,-224.4,81,48,0,0,129,160,4,0,0,0,0,36.1
200,33,WIPE,630,270,30.0,0.7,1,17.147,-31.57,48.58,-7.72,10.58,171,0,9,90,270,140,3,0,0,0,0,36.2
201,67,WIPE,621,279,31.0,0.69,1,-152.387,-72.32,-284.56,-85.33,-87.27,81,159,18,21,279,160,2,0,0,0,0,36.4
202,45,VICTORY,0,900,100.0,0.0,2,1067.917,1161.8,1048.45,1102.75,1052.55,837,0,18,45,900,0,1,0,0,0,0,36.5
203,67,WIPE,627,273,30.33,0.6967,1,-159.797,-121.24,-235.36,-115.36,-128.67,81,45,36,111,273,325,0,0,0,0,0,36.7
204,39,WIPE,537,363,40.33,0.5967,1,29.287,99.67,87.22,37.52,-36.88,321,33,9,0,363,140,1,0,0,0,0,36.9
205,42,WIPE,618,282,31.33,0.6867,1,-12.81,-4.61,-8.01,10.69,-41.11,81,144,12,45,282,225,1,0,0,0,0,37.0
206,67,WIPE,618,282,31.33,0.6867,1,-258.16,-85.04,-365.36,-191.56,-217.56,81,129,27,45,282,435,1,0,0,0,0,37.2
207,55,VICTORY,0,900,100.0,0.0,2,1032.15,1078.5,1005.25,1007.85,1083.35,738,45,9,108,900,355,1,0,0,0,0,37.4
208,32,WIPE,627,273,30.33,0.6967,1,34.457,36.54,38.99,25.89,38.49,198,30,0,45,273,35,3,0,0,0,0,37.5
209,76,WIPE,579,321,35.67,0.6433,1,-252.683,-146.88,-337.25,-162.05,-258.75,0,159,27,135,321,425,1,0,0,0,0,37.7
210,33,WIPE,396,504,56.0,0.44,1,37.513,80.78,32.98,102.88,-23.32,459,0,0,45,504,130,3,0,0,0,0,37.9
211,62,WIPE,144,756,84.0,0.16,2,103.09,111.24,32.09,203.19,73.99,558,78,9,111,756,160,1,0,0,0,0,38.1
212,68,WIPE,630,270,30.0,0.7,1,-282.57,-107.05,-420.27,-83.57,-343.87,81,189,0,0,270,195,1,0,0,0,0,38.2
213,44,WIPE,624,276,30.67,0.6933,1,-192.33,-63.94,-189.23,-146.93,-240.83,120,93,18,45,276,210,4,0,0,0,0,38.4
214,69,WIPE,621,279,31.0,0.69,1,-36.24,21.37,-113.98,-60.46,65.72,120,129,30,0,279,210,1,0,0,0,0,38.5
215,32,WIPE,327,573,63.67,0.3633,1,43.657,146.54,43.09,72.99,14.89,558,15,0,0,573,30,1,0,0,0,0,38.8
216,41,VICTORY,0,900,100.0,0.0,2,1072.59,1162.69,1080.79,1128.89,1008.09,873,0,27,0,900,230,1,0,0,0,0,38.9
217,45,VICTORY,0,900,100.0,0.0,2,1009.75,1109.9,1037.65,997.15,994.45,870,0,9,21,900,220,2,0,0,0,0,39.0
218,33,WIPE,435,465,51.67,0.4833,1,33.213,72.78,29.08,21.28,49.28,360,15,0,90,465,45,2,0,0,0,0,39.1
219,36,VICTORY,0,900,100.0,0.0,2,1014.04,1097.04,1002.34,1016.34,1023.44,594,15,9,282,900,221,3,0,0,0,0,39.2
220,49,WIPE,21,879,97.67,0.0233,2,32.487,168.02,45.52,19.62,32.32,834,0,0,45,879,35,2,0,0,0,0,39.4
221,47,WIPE,588,312,34.67,0.6533,1,2.473,-17.66,76.24,-3.56,-65.26,162,15,0,135,312,325,5,0,0,0,0,39.5
222,32,WIPE,456,444,49.33,0.5067,1,6.99,2.99,-16.61,62.39,-24.81,240,63,9,132,444,240,4,0,0,0,0,39.7
223,33,WIPE,554,346,38.44,0.6156,1,24.113,76.18,5.28,53.28,13.78,265,0,36,45,346,70,4,0,0,0,0,39.8
224,79,WIPE,618,282,31.33,0.6867,1,-80.143,-40.73,-139.68,-80.17,-20.58,201,63,18,0,282,158,1,0,0,0,0,40.0
225,33,VICTORY,0,900,100.0,0.0,2,1052.17,1153.27,1077.57,1052.77,1026.17,748,35,9,108,900,120,5,0,0,0,0,40.1
226,31,WIPE,591,309,34.33,0.6567,1,47.133,56.7,104.2,44.0,-6.8,210,0,9,90,309,145,4,0,0,0,0,40.2
227,52,WIPE,72,828,92.0,0.08,2,62.923,171.44,57.89,54.79,76.09,741,33,9,45,828,35,4,0,0,0,0,40.3
228,32,WIPE,384,516,57.33,0.4267,1,10.623,91.49,-21.61,78.69,-25.21,438,33,0,45,516,165,2,0,0,0,0,40.5
229,42,WIPE,621,279,31.0,0.69,1,-8.51,-21.26,7.89,19.69,-53.11,159,0,9,111,279,165,3,0,0,0,0,40.7
230,57,WIPE,57,843,93.67,0.0633,2,58.907,43.29,-19.56,231.94,-35.66,798,0,0,45,843,200,3,0,0,0,0,40.8
231,34,VICTORY,0,900,100.0,0.0,2,1062.893,1218.36,1072.56,1080.16,1035.96,840,0,39,21,900,118,1,0,0,0,0,40.9
232,38,WIPE,498,402,44.67,0.5533,1,-32.37,11.78,14.23,-6.77,-104.57,198,0,30,174,402,115,7,0,0,0,0,41.0
233,42,WIPE,78,822,91.33,0.0867,2,1.857,212.44,-93.61,27.29,71.89,756,0,0,66,822,35,2,0,0,0,0,41.1
234,90,WIPE,657,243,27.0,0.73,0,-140.21,7.81,-219.96,-87.15,-113.52,0,159,18,66,243,0,4,0,0,0,0,41.4
235,71,WIPE,600,300,33.33,0.6667,1,-224.163,-165.25,-246.4,-151.8,-274.29,0,129,36,135,300,285,4,0,0,0,0,41.7
236,53,VICTORY,0,900,100.0,0.0,2,980.67,1235.07,974.87,923.87,1043.27,807,0,27,66,900,230,1,0,0,0,0,41.9
237,37,VICTORY,0,900,100.0,0.0,2,1031.263,1178.23,1099.23,1011.33,983.23,879,0,21,0,900,50,5,0,0,0,0,42.0
238,29,VICTORY,0,900,100.0,0.0,2,1038.61,1131.16,1050.41,1060.81,1004.61,714,0,9,177,900,154,4,0,0,0,0,42.0
239,45,VICTORY,0,900,100.0,0.0,2,1063.05,1131.2,1090.35,1082.35,1016.45,873,0,27,0,900,165,7,0,0,0,0,42.2
240,55,WIPE,627,273,30.33,0.6967,1,-226.877,-29.16,-251.74,-187.45,-241.44,198,48,27,0,273,160,2,0,0,0,0,42.3
241,36,VICTORY,0,900,100.0,0.0,2,1027.54,1130.94,1021.44,1087.74,973.44,810,30,18,42,900,215,4,0,0,0,0,42.6
242,41,WIPE,615,285,31.67,0.6833,1,-11.3,70.25,-33.9,-31.2,31.2,120,48,9,108,285,35,7,0,0,0,0,42.7
243,31,VICTORY,0,900,100.0,0.0,2,1032.357,1208.99,1060.99,1035.29,1000.79,900,0,0,0,900,85,6,0,0,0,0,42.8
244,43,VICTORY,0,900,100.0,0.0,2,1056.737,1207.42,1083.87,1012.17,1074.17,822,15,0,63,900,85,5,0,0,0,0,42.9
245,34,VICTORY,0,900,100.0,0.0,2,1017.927,1175.66,1026.76,1029.26,997.76,861,0,18,21,900,86,3,0,0,0,0,43.0
246,46,VICTORY,0,900,100.0,0.0,2,1018.44,1132.19,979.44,1053.24,1022.64,738,0,9,153,900,65,2,0,0,0,0,43.1
247,55,VICTORY,0,900,100.0,0.0,2,969.517,1146.95,956.55,998.25,953.75,610,53,0,237,900,175,10,0,0,0,0,43.3
248,31,VICTORY,0,900,100.0,0.0,2,1057.423,1205.34,1053.59,1059.29,1059.39,900,0,0,0,900,45,7,0,0,0,0,43.5
249,42,VICTORY,0,900,100.0,0.0,2,1002.647,1138.18,1012.78,1042.08,953.08,789,30,18,63,900,35,6,0,0,0,0,43.6
250,32,VICTORY,0,900,100.0,0.0,2,1049.18,1192.93,1003.68,1145.68,998.18,870,0,9,21,900,245,6,0,0,0,0,43.7
251,29,VICTORY,0,900,100.0,0.0,2,1007.11,1158.66,1014.91,1020.61,985.81,834,0,0,66,900,126,3,0,0,0,0,43.8
252,54,WIPE,663,237,26.33,0.7367,0,-264.7,-90.96,-375.13,-128.25,-290.72,0,153,18,66,237,70,3,0,0,0,0,43.9
253,46,VICTORY,0,900,100.0,0.0,2,1082.84,1128.09,1005.34,1121.04,1122.14,825,0,9,66,900,180,5,0,0,0,0,44.0
254,33,VICTORY,0,900,100.0,0.0,2,1080.003,1207.07,1141.57,1084.67,1013.77,900,0,0,0,900,30,3,0,0,0,0,44.1
255,31,VICTORY,0,900,100.0,0.0,2,1055.223,1196.49,1072.49,1058.99,1034.19,750,0,18,132,900,30,2,0,0,0,0,44.3
256,26,WIPE,387,513,57.0,0.43,1,74.517,104.45,46.35,86.25,90.95,408,0,0,105,513,83,3,0,0,0,0,44.4
257,60,WIPE,621,279,31.0,0.69,1,-196.047,-96.06,-308.89,-198.49,-80.76,81,63,9,126,279,285,3,0,0,0,0,44.6
258,35,VICTORY,0,900,100.0,0.0,2,1070.183,1216.65,1043.75,1121.15,1045.65,849,0,9,42,900,154,6,0,0,0,0,44.7
259,37,VICTORY,0,900,100.0,0.0,2,975.73,1151.03,973.73,992.03,961.43,771,0,0,129,900,150,4,0,0,0,0,44.8
260,31,VICTORY,0,900,100.0,0.0,2,1072.923,1206.99,1101.99,1043.49,1073.29,861,0,18,21,900,113,4,0,0,0,0,44.9
261,77,WIPE,738,162,18.0,0.82,0,-214.93,-111.72,-282.37,-111.56,-250.86,120,15,27,0,162,210,1,0,0,0,0,45.1
262,29,VICTORY,0,900,100.0,0.0,2,1054.577,1183.51,1083.31,1011.21,1069.21,813,0,0,87,900,35,6,0,0,0,0,45.3
263,39,WIPE,609,291,32.33,0.6767,1,-36.263,-55.48,-21.98,-77.73,-9.08,162,30,9,90,291,0,3,0,0,0,0,45.4
264,35,VICTORY,0,900,100.0,0.0,2,1030.283,1170.65,1034.85,1036.35,1019.65,810,33,12,45,900,96,2,0,0,0,0,45.5
265,46,VICTORY,0,900,100.0,0.0,2,1000.04,1163.54,1002.14,986.44,1011.54,807,0,27,66,900,165,3,0,0,0,0,45.6
266,36,WIPE,606,294,32.67,0.6733,1,26.817,14.5,5.65,29.65,45.15,198,0,9,87,294,30,5,0,0,0,0,45.7
267,36,VICTORY,0,900,100.0,0.0,2,1036.507,1097.34,966.74,1209.94,932.84,807,0,48,45,900,295,5,0,0,0,0,45.8
268,36,VICTORY,0,900,100.0,0.0,2,1015.907,1148.94,1013.44,1090.44,943.84,831,15,9,45,900,160,3,0,0,0,0,45.9
269,32,VICTORY,0,900,100.0,0.0,2,1050.513,1228.63,1066.18,1060.38,1024.98,879,0,0,21,900,0,8,0,0,0,0,46.1
270,31,VICTORY,0,900,100.0,0.0,2,1024.823,1167.64,1041.49,977.59,1055.39,792,15,30,63,900,100,6,0,0,0,0,46.2
271,34,WIPE,623,277,30.78,0.6922,1,58.37,-1.73,104.67,19.17,51.27,277,0,0,0,277,35,4,0,0,0,0,46.3
272,29,VICTORY,0,900,100.0,0.0,2,1030.477,1188.01,1108.91,1041.11,941.41,795,0,0,105,900,125,4,0,0,0,0,46.4
273,35,VICTORY,0,900,100.0,0.0,2,1007.517,1147.8,1011.35,1008.05,1003.15,900,0,0,0,900,171,0,0,0,0,0,46.5
274,54,VICTORY,0,900,100.0,0.0,2,1015.493,1160.31,999.96,1025.26,1021.26,882,0,18,0,900,135,3,0,0,0,0,46.7
275,45,WIPE,618,282,31.33,0.6867,1,73.627,-9.59,34.26,63.56,123.06,162,33,0,87,282,0,6,0,0,0,0,46.8
276,45,WIPE,621,279,31.0,0.69,1,-160.973,-151.04,-170.74,-90.44,-221.74,81,33,36,129,279,320,6,0,0,0,0,47.0
277,47,WIPE,555,345,38.33,0.6167,1,-17.327,-35.16,-19.66,69.84,-102.16,243,0,36,66,345,565,9,0,0,0,0,47.2
278,66,WIPE,624,276,30.67,0.6933,1,-207.803,-132.48,-277.85,-99.91,-245.65,0,96,27,153,276,130,4,0,0,0,0,47.3
279,51,WIPE,603,297,33.0,0.67,1,-185.16,-127.57,-234.1,-97.7,-223.68,0,111,9,177,297,165,5,0,0,0,0,47.5
280,36,VICTORY,0,900,100.0,0.0,2,1044.04,1124.59,1030.84,1086.04,1015.24,762,15,60,63,900,174,4,0,0,0,0,47.6
281,37,VICTORY,0,900,100.0,0.0,2,1036.763,1142.93,1029.73,988.33,1092.23,798,0,36,66,900,80,6,0,0,0,0,47.7
282,35,VICTORY,0,900,100.0,0.0,2,680.297,1192.15,1008.65,1109.55,-77.31,840,15,0,45,900,249,2,0,0,0,0,47.9
283,31,VICTORY,0,900,100.0,0.0,2,1029.657,1192.49,1020.29,1055.19,1013.49,840,0,39,21,900,55,4,0,0,0,0,48.0
284,34,VICTORY,0,900,100.0,0.0,2,1048.16,1147.81,979.26,1158.46,1006.76,834,0,21,45,900,155,9,0,0,0,0,48.1
285,30,VICTORY,0,900,100.0,0.0,2,1044.0,1188.1,1061.0,1068.9,1002.1,825,0,9,66,900,151,4,0,0,0,0,48.2
286,33,VICTORY,0,900,100.0,0.0,2,1003.803,1129.72,978.07,992.07,1041.27,852,0,27,21,900,0,5,0,0,0,0,48.3
287,48,WIPE,591,309,34.33,0.6567,1,-201.237,-12.2,-211.07,-154.77,-237.87,198,0,0,111,309,85,7,0,0,0,0,48.4
288,37,VICTORY,0,900,100.0,0.0,2,1050.963,1143.43,1012.63,1078.53,1061.73,858,0,0,42,900,105,8,0,0,0,0,48.6
289,55,VICTORY,0,900,100.0,0.0,2,264.02,1148.55,962.15,-67.12,-102.97,684,63,27,126,900,0,6,0,0,0,0,48.7
290,41,VICTORY,0,900,100.0,0.0,2,1058.857,1101.19,1110.19,1071.19,995.19,882,0,18,0,900,30,5,0,0,0,0,49.0
291,77,WIPE,609,291,32.33,0.6767,1,-237.403,-101.35,-303.96,-286.26,-121.99,0,195,9,87,291,345,4,0,0,0,0,49.2
292,44,VICTORY,0,900,100.0,0.0,2,983.36,1143.91,922.46,1078.26,949.36,801,15,18,66,900,150,6,0,0,0,0,49.3
293,37,WIPE,585,315,35.0,0.65,1,39.04,4.94,-23.56,121.44,19.24,159,15,57,84,315,180,2,0,0,0,0,49.5
294,38,VICTORY,0,900,100.0,0.0,2,1020.02,1143.67,1000.62,1024.72,1034.72,822,0,36,42,900,210,2,0,0,0,0,49.6
295,35,VICTORY,0,900,100.0,0.0,2,1020.75,1212.3,1011.05,1014.35,1036.85,900,0,0,0,900,0,7,0,0,0,0,49.7
296,61,WIPE,603,297,33.0,0.67,1,-131.767,-87.83,-140.1,-129.2,-126.0,120,48,18,111,297,70,3,0,0,0,0,50.1
297,33,WIPE,618,282,31.33,0.6867,1,28.313,-8.67,52.78,18.58,13.58,237,0,0,45,282,0,3,0,0,0,0,50.2
298,40,VICTORY,0,900,100.0,0.0,2,1071.933,1116.9,1071.1,1117.1,1027.6,891,0,9,0,900,215,6,0,0,0,0,50.3
299,34,VICTORY,0,900,100.0,0.0,2,1091.327,1149.91,1097.06,1074.86,1102.06,795,0,18,87,900,0,6,0,0,0,0,50.4
300,46,WIPE,630,270,30.0,0.7,1,-40.55,16.55,-45.95,12.55,-88.25,81,48,12,129,270,160,6,0,0,0,0,50.6
301,29,VICTORY,0,900,100.0,0.0,2,1023.443,1217.16,945.71,1088.61,1036.01,864,0,36,0,900,0,2,0,0,0,0,50.7
302,28,VICTORY,0,900,100.0,0.0,2,1045.553,1219.97,1097.72,1028.72,1010.22,900,0,0,0,900,0,5,0,0,0,0,50.8
303,46,VICTORY,0,900,100.0,0.0,2,958.24,1130.34,962.84,927.64,984.24,780,15,21,84,900,199,3,0,0,0,0,51.1
304,31,VICTORY,0,900,100.0,0.0,2,1029.857,1167.89,1034.89,1051.49,1003.19,837,0,0,63,900,100,1,0,0,0,0,51.2
305,37,VICTORY,0,900,100.0,0.0,2,994.23,1170.23,949.63,1022.83,1010.23,861,0,18,21,900,65,7,0,0,0,0,51.3
306,32,WIPE,495,405,45.0,0.55,1,27.857,59.44,-16.51,13.69,86.39,264,0,9,132,405,0,5,0,0,0,0,51.4
307,39,WIPE,603,297,33.0,0.67,1,10.687,31.87,13.42,-87.78,106.42,159,0,51,87,297,0,8,0,0,0,0,51.5
308,36,VICTORY,0,900,100.0,0.0,2,1070.473,1168.99,1095.14,1027.74,1088.54,837,0,21,42,900,135,5,0,0,0,0,51.6
309,30,VICTORY,0,900,100.0,0.0,2,1005.167,1165.55,1017.9,1022.8,974.8,849,0,9,42,900,80,2,0,0,0,0,51.8
310,35,WIPE,450,450,50.0,0.5,1,39.927,64.36,36.36,29.66,53.76,360,0,48,42,450,35,6,0,0,0,0,51.9
311,32,VICTORY,0,900,100.0,0.0,2,1051.613,1129.38,1093.38,1098.18,963.28,744,0,9,147,900,80,6,0,0,0,0,52.1
312,29,VICTORY,0,900,100.0,0.0,2,1036.543,1205.06,1030.61,1052.51,1026.51,900,0,0,0,900,0,3,0,0,0,0,52.3
313,67,VICTORY,0,900,100.0,0.0,2,957.297,1187.78,833.63,1054.63,983.63,669,45,18,168,900,400,4,0,0,0,0,52.5
314,32,VICTORY,0,900,100.0,0.0,2,1026.913,1211.63,1016.28,1092.98,971.48,849,0,9,42,900,89,2,0,0,0,0,52.6
315,29,VICTORY,0,900,100.0,0.0,2,1091.643,1162.11,1161.41,1084.31,1029.21,819,0,18,63,900,0,4,0,0,0,0,52.7
316,31,VICTORY,0,900,100.0,0.0,2,1063.657,1196.29,1075.89,1074.59,1040.49,900,0,0,0,900,80,7,0,0,0,0,52.8
317,55,WIPE,622,278,30.89,0.6911,1,-161.607,-115.28,-151.04,-112.34,-221.44,81,134,0,63,278,114,4,0,0,0,0,53.0
318,24,VICTORY,0,900,100.0,0.0,2,1044.993,1191.61,1056.46,1042.96,1035.56,852,0,27,21,900,0,4,0,0,0,0,53.2
319,34,VICTORY,0,900,100.0,0.0,2,1040.627,1218.36,1052.86,1022.36,1046.66,900,0,0,0,900,85,1,0,0,0,0,53.3
320,25,VICTORY,0,900,100.0,0.0,2,1059.35,1209.15,1157.25,993.75,1027.05,816,0,18,66,900,0,4,0,0,0,0,53.4
321,29,VICTORY,0,900,100.0,0.0,2,1070.61,1212.11,1089.51,1033.31,1089.01,828,0,9,63,900,50,3,0,0,0,0,53.5
322,33,VICTORY,0,900,100.0,0.0,2,1030.203,1201.22,1051.97,1041.67,996.97,900,0,0,0,900,35,1,0,0,0,0,53.6
323,42,WIPE,609,291,32.33,0.6767,1,-17.31,8.94,3.39,-76.41,21.09,237,0,54,0,291,180,1,0,0,0,0,53.7
324,31,VICTORY,0,900,100.0,0.0,2,1010.323,1125.94,1000.99,1032.89,997.09,753,0,0,147,900,0,5,0,0,0,0,53.8
325,47,WIPE,464,436,48.44,0.5156,1,47.583,-4.61,80.44,99.44,-37.13,355,30,9,42,436,150,5,0,0,0,0,54.0
326,48,WIPE,624,276,30.67,0.6933,1,15.597,-53.67,5.83,58.53,-17.57,237,0,39,0,276,195,9,0,0,0,0,54.3
327,44,VICTORY,0,900,100.0,0.0,2,1019.827,1101.26,1020.66,1116.06,922.76,711,15,21,153,900,115,4,0,0,0,0,54.4
328,40,VICTORY,0,900,100.0,0.0,2,979.467,1142.0,922.6,1009.4,1006.4,766,20,9,105,900,95,3,0,0,0,0,54.5
329,66,WIPE,615,285,31.67,0.6833,1,-328.817,-106.57,-400.95,-276.25,-309.25,0,219,0,66,285,0,3,0,0,0,0,54.7
330,29,VICTORY,0,900,100.0,0.0,2,1039.71,1147.36,1045.41,1053.91,1019.81,828,0,9,63,900,120,5,0,0,0,0,54.8
331,34,VICTORY,0,900,100.0,0.0,2,1092.893,1188.21,1143.96,1037.46,1097.26,849,0,9,42,900,0,4,0,0,0,0,54.9
332,38,VICTORY,0,900,100.0,0.0,2,1007.32,1134.72,980.22,1091.62,950.12,819,0,18,63,900,100,6,0,0,0,0,55.2
333,50,WIPE,522,378,42.0,0.58,1,-197.29,-127.33,-321.09,-218.69,-52.09,81,108,18,171,378,245,3,0,0,0,0,55.3
334,34,VICTORY,0,900,100.0,0.0,2,1057.627,1162.21,1077.76,1098.36,996.76,828,0,9,63,900,96,1,0,0,0,0,55.5
335,41,WIPE,621,279,31.0,0.69,1,-125.0,-97.07,-180.8,-52.9,-141.3,81,15,30,153,279,110,4,0,0,0,0,55.6
336,35,WIPE,546,354,39.33,0.6067,1,35.527,0.86,6.86,137.86,-38.14,162,0,0,192,354,145,6,0,0,0,0,55.8
337,59,WIPE,495,405,45.0,0.55,1,-144.57,-95.25,-190.18,-140.68,-102.85,81,219,18,87,405,0,7,0,0,0,0,56.0
338,51,VICTORY,0,900,100.0,0.0,2,609.05,1106.34,1015.59,-120.33,931.89,783,0,9,108,900,115,6,0,0,0,0,56.3
339,35,VICTORY,0,900,100.0,0.0,2,1046.65,1185.85,1091.55,1067.95,980.45,867,0,12,21,900,140,4,0,0,0,0,56.4
340,46,VICTORY,0,900,100.0,0.0,2,1028.507,1148.59,1048.34,1029.04,1008.14,705,0,0,195,900,160,6,0,0,0,0,56.6
341,32,WIPE,558,342,38.0,0.62,1,33.357,7.99,136.59,-7.61,-28.91,279,0,0,63,342,35,3,0,0,0,0,56.7
342,34,VICTORY,0,900,100.0,0.0,2,1035.193,1185.01,1082.06,1020.76,1002.76,900,0,0,0,900,95,4,0,0,0,0,56.8
343,32,VICTORY,0,900,100.0,0.0,2,1026.313,1170.23,1036.98,1032.68,1009.28,804,0,30,66,900,115,5,0,0,0,0,56.9
344,36,VICTORY,0,900,100.0,0.0,2,1055.173,1185.29,1052.34,1076.74,1036.44,870,0,9,21,900,170,7,0,0,0,0,57.0
345,30,VICTORY,0,900,100.0,0.0,2,1038.3,1175.65,1115.2,960.2,1039.5,852,0,27,21,900,0,0,0,0,0,0,57.2
346,32,WIPE,522,378,42.0,0.58,1,30.657,82.19,10.99,55.39,25.59,198,0,9,171,378,111,7,0,0,0,0,57.3
347,34,VICTORY,0,900,100.0,0.0,2,1054.793,1127.96,1033.86,1053.46,1077.06,753,0,0,147,900,0,3,0,0,0,0,57.4
348,38,VICTORY,0,900,100.0,0.0,2,1034.953,1132.72,1022.02,1059.92,1022.92,858,0,0,42,900,71,4,0,0,0,0,57.5
349,27,VICTORY,0,900,100.0,0.0,2,1021.297,1207.53,1038.23,1016.23,1009.43,858,0,0,42,900,35,3,0,0,0,0,57.6
350,31,WIPE,555,345,38.33,0.6167,1,84.567,105.5,81.7,37.0,135.0,261,0,0,84,345,35,6,0,0,0,0,57.7
351,31,WIPE,621,279,31.0,0.69,1,38.333,52.25,66.2,38.8,10.0,279,0,0,0,279,35,2,0,0,0,0,57.8
352,38,VICTORY,0,900,100.0,0.0,2,1013.987,1143.37,1006.72,1020.12,1015.12,879,0,0,21,900,195,1,0,0,0,0,57.9
353,47,VICTORY,0,900,100.0,0.0,2,983.663,1103.63,864.43,976.43,1110.13,720,0,9,171,900,160,5,0,0,0,0,58.3
354,27,VICTORY,0,900,100.0,0.0,2,1073.563,1195.48,1058.83,1083.23,1078.63,852,0,27,21,900,80,4,0,0,0,0,58.4
355,36,VICTORY,0,900,100.0,0.0,2,1068.44,1174.94,1076.64,1088.34,1040.34,840,0,18,42,900,43,1,0,0,0,0,58.5
356,47,VICTORY,0,900,100.0,0.0,2,1028.13,1040.33,994.63,1073.83,1015.93,810,0,27,63,900,35,9,0,0,0,0,58.6
357,68,WIPE,690,210,23.33,0.7667,0,-234.793,-49.07,-352.02,-238.58,-113.78,0,108,102,0,210,305,3,0,0,0,0,58.8
358,39,VICTORY,0,900,100.0,0.0,2,1057.043,1112.96,1015.81,1100.51,1054.81,690,0,0,210,900,80,7,0,0,0,0,58.9
359,36,VICTORY,0,900,100.0,0.0,2,1041.207,1169.84,1035.94,1096.34,991.34,837,0,0,63,900,55,7,0,0,0,0,59.2
360,38,VICTORY,0,900,100.0,0.0,2,1081.287,1186.42,1098.02,1064.02,1081.82,786,0,9,105,900,80,7,0,0,0,0,59.3
361,42,WIPE,612,288,32.0,0.68,1,-33.763,16.24,-21.01,-89.57,9.29,198,0,27,63,288,0,7,0,0,0,0,59.4
362,36,WIPE,603,297,33.0,0.67,1,25.983,-6.85,-0.05,120.25,-42.25,120,0,48,129,297,165,6,0,0,0,0,59.5
363,30,WIPE,627,273,30.33,0.6967,1,49.977,78.26,49.41,57.21,43.31,159,0,9,105,273,50,5,0,0,0,0,59.6
364,40,WIPE,667,233,25.89,0.7411,0,-152.513,-110.35,-268.59,-64.65,-124.3,0,53,9,171,233,0,6,0,0,0,0,59.8
365,41,WIPE,625,275,30.56,0.6944,1,-44.0,0.6,-6.6,-2.9,-122.5,0,35,48,192,275,190,3,0,0,0,0,59.9
366,24,WIPE,132,768,85.33,0.1467,2,47.303,194.92,30.17,99.07,12.67,672,0,12,84,768,75,2,0,0,0,0,60.1
367,31,VICTORY,0,900,100.0,0.0,2,1036.023,1164.34,1050.39,1077.59,980.09,828,0,9,63,900,160,4,0,0,0,0,60.2
368,38,VICTORY,0,900,100.0,0.0,2,1067.953,1187.02,1105.72,1070.72,1027.42,750,33,9,108,900,110,6,0,0,0,0,60.4
369,33,VICTORY,0,900,100.0,0.0,2,1057.137,1181.77,1098.37,1037.67,1035.37,777,0,18,105,900,35,6,0,0,0,0,60.5
370,33,VICTORY,0,900,100.0,0.0,2,1025.837,1186.87,1033.57,1055.87,988.07,792,0,45,63,900,100,3,0,0,0,0,60.6
371,36,VICTORY,0,900,100.0,0.0,2,1011.04,1167.44,994.64,1061.84,976.64,870,0,9,21,900,253,2,0,0,0,0,60.8
372,50,WIPE,611,289,32.11,0.6789,1,54.077,24.21,-30.29,75.51,117.01,0,33,64,192,289,201,8,0,0,0,0,60.9
373,64,WIPE,612,288,32.0,0.68,1,-31.663,-25.23,-113.63,-34.03,52.67,0,66,30,192,288,210,7,0,0,0,0,61.2
374,56,VICTORY,0,900,100.0,0.0,2,628.287,1074.59,975.24,-94.72,1004.34,741,48,66,45,900,80,4,0,0,0,0,61.6
375,33,VICTORY,0,900,100.0,0.0,2,1030.937,1198.07,1051.87,1022.17,1018.77,819,0,39,42,900,35,5,0,0,0,0,61.7
376,39,VICTORY,0,900,100.0,0.0,2,676.8,1135.16,1038.41,-70.02,1062.01,891,0,9,0,900,0,0,0,0,0,0,61.8
377,59,VICTORY,0,900,100.0,0.0,2,658.967,1113.56,974.41,-49.12,1051.61,822,15,18,45,900,95,3,0,0,0,0,62.0
378,36,VICTORY,0,900,100.0,0.0,2,1041.04,1161.69,1072.44,1037.54,1013.14,825,0,9,66,900,85,4,0,0,0,0,62.1
379,28,WIPE,630,270,30.0,0.7,1,57.93,86.03,50.83,52.23,70.73,198,0,9,63,270,31,4,0,0,0,0,62.2
380,31,VICTORY,0,900,100.0,0.0,2,1075.223,1196.84,1083.39,1071.59,1070.69,819,0,18,63,900,38,6,0,0,0,0,62.3
381,53,VICTORY,0,900,100.0,0.0,2,229.67,1155.12,904.47,-105.46,-110.0,756,0,18,126,900,35,5,0,0,0,0,62.7
382,40,VICTORY,0,900,100.0,0.0,2,1067.133,1177.1,1106.6,1046.1,1048.7,699,0,54,147,900,150,6,0,0,0,0,62.8
383,29,WIPE,480,420,46.67,0.5333,1,43.553,82.77,35.82,79.92,14.92,399,0,0,21,420,43,6,0,0,0,0,62.9
384,38,WIPE,630,270,30.0,0.7,1,6.597,-22.77,-25.47,68.83,-23.57,0,15,21,234,270,115,4,0,0,0,0,63.0
385,35,VICTORY,0,900,100.0,0.0,2,992.15,1149.15,996.05,1019.15,961.25,690,0,18,192,900,100,5,0,0,0,0,63.1
386,40,VICTORY,0,900,100.0,0.0,2,1058.767,1126.35,1057.3,1058.6,1060.4,744,0,30,126,900,92,4,0,0,0,0,63.2
387,31,WIPE,495,405,45.0,0.55,1,77.5,60.55,50.5,104.2,77.8,279,0,0,126,405,83,4,0,0,0,0,63.3
388,41,VICTORY,0,900,100.0,0.0,2,1018.257,1205.54,1051.69,992.59,1010.49,711,0,18,171,900,80,4,0,0,0,0,63.6
389,42,VICTORY,0,900,100.0,0.0,2,981.913,1153.58,972.08,978.28,995.38,696,0,57,147,900,145,8,0,0,0,0,63.7
390,36,VICTORY,0,900,100.0,0.0,2,1049.573,1199.04,1062.34,1050.94,1035.44,804,0,12,84,900,50,7,0,0,0,0,63.8
391,29,VICTORY,0,900,100.0,0.0,2,999.01,1127.76,1010.21,1024.41,962.41,780,0,36,84,900,0,6,0,0,0,0,63.9
392,29,VICTORY,0,900,100.0,0.0,2,1041.443,1153.21,1025.41,1032.71,1066.21,673,0,36,191,900,150,5,0,0,0,0,64.0
393,35,VICTORY,0,900,100.0,0.0,2,1063.983,1109.95,1002.15,1068.35,1121.45,783,0,9,108,900,0,6,0,0,0,0,64.1
394,28,WIPE,597,303,33.67,0.6633,1,55.73,67.63,85.33,46.83,35.03,201,0,18,84,303,53,3,0,0,0,0,64.2
395,37,VICTORY,0,900,100.0,0.0,2,1026.297,1159.63,1050.03,1017.33,1011.53,816,0,42,42,900,145,4,0,0,0,0,64.3
396,33,WIPE,357,543,60.33,0.3967,1,56.513,-0.22,-20.42,144.38,45.58,240,0,174,129,543,145,5,0,0,0,0,64.6
397,39,VICTORY,0,900,100.0,0.0,2,1052.143,1199.36,1062.51,1103.61,990.31,777,0,18,105,900,145,3,0,0,0,0,64.7
398,25,VICTORY,0,900,100.0,0.0,2,1062.917,1161.4,1086.75,988.85,1113.15,711,0,27,162,900,80,5,0,0,0,0,64.8
399,40,VICTORY,0,900,100.0,0.0,2,1081.633,1207.65,1080.3,1089.2,1075.4,777,0,39,84,900,130,4,0,0,0,0,64.9
400,27,VICTORY,0,900,100.0,0.0,2,1049.93,1189.13,1024.83,1074.33,1050.63,861,0,39,0,900,35,4,0,0,0,0,65.0
401,39,VICTORY,0,900,100.0,0.0,2,1051.877,1159.16,1063.21,1080.81,1011.61,759,33,45,63,900,85,7,0,0,0,0,65.1
402,36,WIPE,621,279,31.0,0.69,1,40.483,-25.7,43.15,51.75,26.55,81,0,30,168,279,145,7,0,0,0,0,65.2
403,31,VICTORY,0,900,100.0,0.0,2,984.59,1165.94,878.99,1084.29,990.49,762,0,54,84,900,80,4,0,0,0,0,65.3
404,42,WIPE,627,273,30.33,0.6967,1,9.123,54.19,-45.61,107.39,-34.41,201,0,9,63,273,235,8,0,0,0,0,65.6
405,39,VICTORY,0,900,100.0,0.0,2,1045.143,1189.71,1068.41,1066.21,1000.81,786,0,9,105,900,35,7,0,0,0,0,65.8
406,36,WIPE,617,283,31.44,0.6856,1,-101.617,-97.15,-122.45,-39.25,-143.15,106,0,9,168,283,212,3,0,0,0,0,65.9
407,68,WIPE,600,300,33.33,0.6667,1,-220.297,-78.15,-327.07,-85.02,-248.8,0,129,18,153,300,0,3,0,0,0,0,66.0
408,36,VICTORY,0,900,100.0,0.0,2,1035.24,1149.79,992.64,1087.24,1025.84,828,0,9,63,900,125,6,0,0,0,0,66.2
409,30,VICTORY,0,900,100.0,0.0,2,1047.333,1195.4,1057.5,1015.1,1069.4,828,0,9,63,900,35,4,0,0,0,0,66.3
410,33,VICTORY,0,900,100.0,0.0,2,1030.437,1205.02,1045.27,1035.47,1010.57,813,0,24,63,900,50,5,0,0,0,0,66.3
411,36,WIPE,576,324,36.0,0.64,1,9.493,68.3,74.15,-70.52,24.85,81,0,9,234,324,0,5,0,0,0,0,66.6
412,42,WIPE,645,255,28.33,0.7167,0,-170.4,-109.46,-329.61,-77.44,-104.15,0,108,0,147,255,0,3,0,0,0,0,66.7
413,39,VICTORY,0,900,100.0,0.0,2,1040.377,1121.86,1081.51,988.41,1051.21,828,0,9,63,900,225,7,0,0,0,0,66.9
414,32,VICTORY,0,900,100.0,0.0,2,1009.347,1169.33,1003.28,1020.98,1003.78,837,0,0,63,900,68,5,0,0,0,0,67.0
415,30,VICTORY,0,900,100.0,0.0,2,1046.9,1157.2,1027.1,1101.6,1012.0,711,0,18,171,900,96,2,0,0,0,0,67.0
416,31,VICTORY,0,900,100.0,0.0,2,1035.39,1159.74,1008.29,1014.19,1083.69,786,0,9,105,900,0,4,0,0,0,0,67.1
417,27,WIPE,603,297,33.0,0.67,1,39.873,67.99,44.84,53.04,21.74,183,0,9,105,297,50,3,0,0,0,0,67.2
418,37,VICTORY,0,900,100.0,0.0,2,1033.297,1103.03,1030.43,1056.23,1013.23,693,0,18,189,900,155,5,0,0,0,0,67.3
419,32,VICTORY,0,900,100.0,0.0,2,1052.58,1207.28,1057.48,1077.08,1023.18,879,0,0,21,900,30,4,0,0,0,0,67.5
420,40,VICTORY,0,900,100.0,0.0,2,998.2,1133.65,999.7,1123.1,871.8,537,0,87,276,900,290,6,0,0,0,0,67.7
421,37,VICTORY,0,900,100.0,0.0,2,629.18,1157.93,993.43,-82.02,976.13,837,0,0,63,900,0,2,0,0,0,0,67.8
422,38,VICTORY,0,900,100.0,0.0,2,1080.687,1187.12,1085.22,1080.52,1076.32,783,0,12,105,900,46,6,0,0,0,0,67.9
423,32,VICTORY,0,900,100.0,0.0,2,1036.213,1169.93,1060.38,1043.28,1004.98,741,48,27,84,900,116,3,0,0,0,0,68.0
424,33,VICTORY,0,900,100.0,0.0,2,1012.37,1143.27,1003.37,1063.57,970.17,777,0,18,105,900,110,3,0,0,0,0,68.1
425,37,WIPE,438,462,51.33,0.4867,1,29.473,-32.41,6.14,53.14,29.14,120,0,48,294,462,35,5,0,0,0,0,68.2
426,32,VICTORY,0,900,100.0,0.0,2,1057.147,1126.63,1082.38,1061.78,1027.28,741,0,9,150,900,65,3,0,0,0,0,68.3
427,35,VICTORY,0,900,100.0,0.0,2,1034.317,1201.85,1059.65,1003.25,1040.05,879,0,21,0,900,85,2,0,0,0,0,68.6
428,47,VICTORY,0,900,100.0,0.0,2,981.097,1148.83,766.63,1126.13,1050.53,837,0,21,42,900,230,2,0,0,0,0,68.7
429,38,VICTORY,0,900,100.0,0.0,2,1056.587,1131.82,1039.52,1017.42,1112.82,732,0,0,168,900,170,5,0,0,0,0,68.8
430,34,VICTORY,0,900,100.0,0.0,2,1058.46,1214.41,1087.86,1086.66,1000.86,807,0,9,84,900,125,2,0,0,0,0,69.0
431,34,VICTORY,0,900,100.0,0.0,2,1049.76,1156.51,1072.06,1024.96,1052.26,771,0,0,129,900,80,4,0,0,0,0,69.1
432,32,VICTORY,0,900,100.0,0.0,2,1041.813,1146.33,1010.98,1124.08,990.38,816,0,0,84,900,229,4,0,0,0,0,69.2
433,31,VICTORY,0,900,100.0,0.0,2,1039.623,1166.19,1038.79,1047.89,1032.19,747,0,27,126,900,30,5,0,0,0,0,69.3
434,51,VICTORY,0,900,100.0,0.0,2,705.023,1122.59,1079.99,1155.99,-120.91,642,0,0,258,900,184,4,0,0,0,0,69.5
435,39,VICTORY,0,900,100.0,0.0,2,663.91,1160.36,950.81,1119.51,-78.59,777,0,18,105,900,160,5,0,0,0,0,69.9
436,38,VICTORY,0,900,100.0,0.0,2,1071.253,1144.02,1054.92,1080.72,1078.12,828,0,9,63,900,111,5,0,0,0,0,70.0
437,31,WIPE,606,294,32.67,0.6733,1,20.333,28.2,27.2,54.1,-20.3,159,0,27,108,294,115,4,0,0,0,0,70.1
438,31,WIPE,549,351,39.0,0.61,1,28.633,48.85,25.2,81.0,-20.3,162,0,0,189,351,100,3,0,0,0,0,70.2
439,30,WIPE,438,462,51.33,0.4867,1,80.277,68.26,89.91,100.51,50.41,357,0,0,105,462,130,2,0,0,0,0,70.3
440,33,VICTORY,0,900,100.0,0.0,2,1023.037,1157.82,1055.17,1014.97,998.97,816,0,0,84,900,103,2,0,0,0,0,70.4
441,43,WIPE,591,309,34.33,0.6567,1,31.38,35.33,48.18,96.18,-50.22,81,0,18,210,309,205,1,0,0,0,0,70.5
442,39,VICTORY,0,900,100.0,0.0,2,628.1,1122.16,995.91,-70.02,958.41,729,0,0,171,900,0,2,0,0,0,0,70.7
443,35,VICTORY,0,900,100.0,0.0,2,1057.083,1120.65,1066.65,1041.05,1063.55,792,0,0,108,900,35,3,0,0,0,0,70.9
444,26,VICTORY,0,900,100.0,0.0,2,1047.307,1193.39,1025.44,1058.54,1057.94,858,0,0,42,900,35,1,0,0,0,0,71.0
445,34,VICTORY,0,900,100.0,0.0,2,1028.493,1129.61,1022.26,1055.06,1008.16,774,0,0,126,900,160,2,0,0,0,0,71.2
446,38,VICTORY,0,900,100.0,0.0,2,1046.82,1173.97,1048.22,1113.52,978.72,732,0,0,168,900,165,5,0,0,0,0,71.3
447,33,VICTORY,0,900,100.0,0.0,2,1072.67,1168.07,1055.47,1092.57,1069.97,729,0,0,171,900,93,2,0,0,0,0,71.5
448,30,VICTORY,0,900,100.0,0.0,2,1066.067,1139.95,1042.9,1062.9,1092.4,777,0,18,105,900,85,2,0,0,0,0,71.6
449,41,VICTORY,0,900,100.0,0.0,2,1075.69,1119.94,1075.69,1062.19,1089.19,627,0,0,273,900,0,3,0,0,0,0,71.7
450,32,VICTORY,0,900,100.0,0.0,2,1058.213,1209.38,1046.38,1087.88,1040.38,843,15,0,42,900,68,4,0,0,0,0,71.8
451,30,VICTORY,0,900,100.0,0.0,2,1088.8,1158.45,1096.7,1114.1,1055.6,786,0,9,105,900,110,3,0,0,0,0,72.1
452,27,WIPE,294,606,67.33,0.3267,1,33.173,44.09,30.14,60.44,8.94,480,0,0,126,606,150,3,0,0,0,0,72.2
453,28,VICTORY,0,900,100.0,0.0,2,1066.42,1201.12,1101.82,1067.12,1030.32,879,0,21,0,900,50,1,0,0,0,0,72.3
454,36,WIPE,591,309,34.33,0.6567,1,65.683,50.35,95.65,89.05,12.35,198,0,27,84,309,135,3,0,0,0,0,72.4
455,40,VICTORY,0,900,100.0,0.0,2,1015.967,1122.15,999.4,1081.7,966.8,837,0,0,63,900,114,5,0,0,0,0,72.5
456,38,WIPE,456,444,49.33,0.5067,1,-1.937,29.23,19.23,16.83,-41.87,159,0,9,276,444,215,5,0,0,0,0,72.6
457,30,VICTORY,0,900,100.0,0.0,2,1047.667,1208.85,1096.5,1020.5,1026.0,900,0,0,0,900,65,1,0,0,0,0,72.7
458,29,VICTORY,0,900,100.0,0.0,2,1084.643,1207.41,1134.91,1045.81,1073.21,879,0,0,21,900,35,0,0,0,0,0,72.8
459,51,VICTORY,0,900,100.0,0.0,2,1089.623,1144.39,1210.89,1033.29,1024.69,624,0,0,276,900,221,6,0,0,0,0,73.2
460,35,VICTORY,0,900,100.0,0.0,2,1087.35,1149.1,1171.15,1064.05,1026.85,732,0,0,168,900,50,1,0,0,0,0,73.3
461,34,VICTORY,0,900,100.0,0.0,2,1014.693,1127.56,996.96,1043.36,1003.76,828,0,9,63,900,194,0,0,0,0,0,73.4
462,32,VICTORY,0,900,100.0,0.0,2,1043.413,1126.53,1044.78,1058.58,1026.88,795,0,0,105,900,81,5,0,0,0,0,73.5
463,32,VICTORY,0,900,100.0,0.0,2,1078.18,1115.53,1100.68,1046.28,1087.58,645,0,0,255,900,0,3,0,0,0,0,73.6
464,34,VICTORY,0,900,100.0,0.0,2,1043.827,1171.96,1047.56,1067.16,1016.76,744,0,9,147,900,0,2,0,0,0,0,73.7
465,29,VICTORY,0,900,100.0,0.0,2,1071.21,1194.51,1056.61,1132.41,1024.61,804,0,12,84,900,171,2,0,0,0,0,73.8
466,52,WIPE,264,636,70.67,0.2933,2,123.423,130.44,281.79,-6.91,95.39,162,0,9,465,636,136,6,0,0,0,0,74.0
467,34,WIPE,612,288,32.0,0.68,1,22.737,79.07,25.57,35.87,6.77,279,0,9,0,288,179,2,0,0,0,0,74.3
468,27,VICTORY,0,900,100.0,0.0,2,1047.897,1142.43,1078.33,1023.33,1042.03,774,0,0,126,900,35,2,0,0,0,0,74.4
469,34,VICTORY,0,900,100.0,0.0,2,1060.627,1217.06,1082.96,1055.86,1043.06,798,0,18,84,900,0,2,0,0,0,0,74.5
470,21,VICTORY,0,900,100.0,0.0,2,1066.623,1164.29,1021.59,1103.59,1074.69,648,0,21,231,900,45,0,0,0,0,0,74.5
471,33,WIPE,306,594,66.0,0.34,1,91.847,-5.72,108.28,53.68,113.58,120,0,9,465,594,70,4,0,0,0,0,74.6
472,31,VICTORY,0,900,100.0,0.0,2,1067.19,1156.14,1087.19,1034.99,1079.39,750,0,0,150,900,0,3,0,0,0,0,74.7
473,34,VICTORY,0,900,100.0,0.0,2,1020.593,1146.96,1066.56,1019.16,976.06,753,0,0,147,900,115,3,0,0,0,0,74.8
474,40,VICTORY,0,900,100.0,0.0,2,1036.567,1159.2,1004.8,1045.2,1059.7,624,0,21,255,900,145,5,0,0,0,0,75.0
475,30,VICTORY,0,900,100.0,0.0,2,1066.967,1197.75,1125.6,1037.0,1038.3,816,0,0,84,900,0,2,0,0,0,0,75.1
476,34,VICTORY,0,900,100.0,0.0,2,1057.76,1145.61,1072.56,1045.96,1054.76,744,0,30,126,900,98,2,0,0,0,0,75.4
477,24,VICTORY,0,900,100.0,0.0,2,1064.627,1099.91,1068.96,1073.66,1051.26,619,0,0,281,900,130,2,0,0,0,0,75.5
478,32,VICTORY,0,900,100.0,0.0,2,1056.213,1199.03,1073.28,1053.88,1041.48,816,0,0,84,900,0,3,0,0,0,0,75.6
479,38,VICTORY,0,900,100.0,0.0,2,1036.253,1159.02,1014.22,1092.32,1002.22,879,0,0,21,900,64,3,0,0,0,0,75.7
480,40,VICTORY,0,900,100.0,0.0,2,1054.433,1067.05,1056.2,1154.4,952.7,543,0,42,315,900,190,2,0,0,0,0,75.8
481,35,VICTORY,0,900,100.0,0.0,2,956.017,1135.45,989.65,965.35,913.05,702,0,9,189,900,0,3,0,0,0,0,75.9
482,38,WIPE,570,330,36.67,0.6333,1,-3.07,28.88,-17.27,21.83,-13.77,81,0,18,231,330,80,2,0,0,0,0,76.0
483,28,VICTORY,0,900,100.0,0.0,2,1051.287,1214.92,1062.12,1061.22,1030.52,882,0,18,0,900,83,2,0,0,0,0,76.1
484,28,VICTORY,0,900,100.0,0.0,2,1053.62,1171.67,1054.02,1063.72,1043.12,687,0,42,171,900,110,3,0,0,0,0,76.4
485,24,VICTORY,0,900,100.0,0.0,2,1069.76,1199.06,1148.46,1006.96,1053.86,684,0,0,216,900,95,3,0,0,0,0,76.5
486,35,VICTORY,0,900,100.0,0.0,2,1015.25,1198.15,946.15,1047.65,1051.95,900,0,0,0,900,135,3,0,0,0,0,76.6
487,34,VICTORY,0,900,100.0,0.0,2,1047.427,1187.61,1059.36,1073.26,1009.66,825,0,12,63,900,100,2,0,0,0,0,76.7
488,45,WIPE,612,288,32.0,0.68,1,64.193,-24.04,53.36,98.06,41.16,237,0,9,42,288,265,3,0,0,0,0,76.8
489,46,VICTORY,0,900,100.0,0.0,2,1075.473,1114.44,1077.54,1184.74,964.14,714,0,18,168,900,210,1,0,0,0,0,76.9
490,28,VICTORY,0,900,100.0,0.0,2,1071.02,1155.87,1088.62,1038.42,1086.02,795,0,0,105,900,93,2,0,0,0,0,77.0
491,39,VICTORY,0,900,100.0,0.0,2,1071.677,1151.06,1117.01,1055.21,1042.81,744,0,9,147,900,75,0,0,0,0,0,77.1
492,28,WIPE,618,282,31.33,0.6867,1,81.03,20.18,126.83,84.73,31.53,198,0,0,84,282,95,2,0,0,0,0,77.4
493,36,VICTORY,0,900,100.0,0.0,2,1093.84,1177.84,1096.24,1110.04,1075.24,795,0,0,105,900,115,3,0,0,0,0,77.5
494,36,VICTORY,0,900,100.0,0.0,2,1040.507,1200.29,1035.34,1067.94,1018.24,858,0,0,42,900,181,3,0,0,0,0,77.6
495,33,WIPE,375,525,58.33,0.4167,1,19.88,59.63,-2.72,34.38,27.98,357,0,21,147,525,50,2,0,0,0,0,77.7
496,34,VICTORY,0,900,100.0,0.0,2,1054.793,1116.86,1060.86,1074.96,1028.56,732,0,0,168,900,150,5,0,0,0,0,77.8
497,41,VICTORY,0,900,100.0,0.0,2,1061.823,1185.89,1071.59,1066.39,1047.49,900,0,0,0,900,150,2,0,0,0,0,77.9
498,35,VICTORY,0,900,100.0,0.0,2,1052.483,1151.4,1047.25,1114.15,996.05,774,0,21,105,900,110,5,0,0,0,0,78.0
499,50,WIPE,624,276,30.67,0.6933,1,-210.223,-103.78,-186.89,-157.89,-285.89,0,0,0,276,276,280,7,0,0,0,0,78.2
500,36,VICTORY,0,900,100.0,0.0,2,1033.34,1205.34,1033.44,1037.54,1029.04,816,0,0,84,900,65,3,0,0,0,0,78.4
501,22,VICTORY,0,900,100.0,0.0,2,1059.28,1179.38,1122.38,1005.88,1049.58,690,0,42,168,900,80,4,0,0,0,0,78.6
502,31,WIPE,297,603,67.0,0.33,1,58.367,77.1,100.1,110.9,-35.9,477,0,0,126,603,180,4,0,0,0,0,78.6
503,33,VICTORY,0,900,100.0,0.0,2,1067.67,1180.37,1026.07,1074.57,1102.37,732,0,0,168,900,85,4,0,0,0,0,78.8
504,30,VICTORY,0,900,100.0,0.0,2,1042.033,1127.6,980.0,1031.1,1115.0,606,0,21,273,900,54,3,0,0,0,0,78.8
505,24,VICTORY,0,900,100.0,0.0,2,1081.127,1131.76,1140.46,1064.26,1038.66,682,0,0,218,900,35,4,0,0,0,0,78.9
506,29,WIPE,603,297,33.0,0.67,1,39.32,69.62,56.12,46.52,15.32,120,0,9,168,297,80,2,0,0,0,0,79.0
507,35,WIPE,494,406,45.11,0.5489,1,62.027,31.76,51.86,104.06,30.16,187,0,9,210,406,144,3,0,0,0,0,79.1
508,26,VICTORY,0,900,100.0,0.0,2,1033.073,1088.29,1031.04,1016.54,1051.64,594,0,30,276,900,100,1,0,0,0,0,79.2
509,29,WIPE,618,282,31.33,0.6867,1,14.787,36.32,29.72,-14.78,29.42,198,0,0,84,282,35,2,0,0,0,0,79.4
510,33,VICTORY,0,900,100.0,0.0,2,1022.703,1121.62,1006.57,1019.57,1041.97,726,15,12,147,900,130,4,0,0,0,0,79.5
511,34,VICTORY,0,900,100.0,0.0,2,1021.46,1101.81,991.66,1075.86,996.86,702,0,9,189,900,302,4,0,0,0,0,79.7
512,35,VICTORY,0,900,100.0,0.0,2,1042.883,1150.45,1026.55,1039.05,1063.05,879,0,0,21,900,115,2,0,0,0,0,79.8
513,33,VICTORY,0,900,100.0,0.0,2,1029.17,1167.67,1021.07,1083.67,982.77,825,33,0,42,900,70,5,0,0,0,0,80.0
514,25,VICTORY,0,900,100.0,0.0,2,1038.25,1187.3,1106.25,1113.25,895.25,786,0,9,105,900,48,3,0,0,0,0,80.1
515,34,VICTORY,0,900,100.0,0.0,2,1025.427,1081.86,1043.36,1076.56,956.36,711,0,0,189,900,145,5,0,0,0,0,80.3
516,42,WIPE,630,270,30.0,0.7,1,74.357,-86.11,79.89,47.29,95.89,0,0,39,231,270,200,9,0,0,0,0,80.5
517,56,WIPE,605,295,32.78,0.6722,1,-107.983,-14.8,-153.55,-92.15,-78.25,184,48,0,63,295,35,3,0,0,0,0,81.0
518,33,WIPE,579,321,35.67,0.6433,1,53.813,37.43,56.28,52.28,52.88,162,0,33,126,321,160,5,0,0,0,0,81.1
519,31,VICTORY,0,900,100.0,0.0,2,1092.357,1108.24,1056.99,1110.89,1109.19,606,0,0,294,900,70,3,0,0,0,0,81.3
520,79,WIPE,606,294,32.67,0.6733,1,-207.263,-23.66,-294.48,-186.48,-140.83,0,129,18,147,294,155,3,0,0,0,0,81.6
521,36,WIPE,627,273,30.33,0.6967,1,20.65,-35.5,-23.65,84.15,1.45,159,0,30,84,273,155,2,0,0,0,0,81.8
522,31,WIPE,621,279,31.0,0.69,1,50.533,18.2,117.7,2.2,31.7,279,0,0,0,279,35,2,0,0,0,0,81.9
523,30,VICTORY,0,900,100.0,0.0,2,1031.367,1160.7,997.2,1003.3,1093.6,759,33,0,108,900,80,7,0,0,0,0,82.2
524,52,VICTORY,0,900,100.0,0.0,2,995.48,1121.98,958.58,1091.68,936.18,687,48,18,147,900,190,6,0,0,0,0,82.5
525,43,WIPE,630,270,30.0,0.7,1,-136.653,-132.28,-192.22,-69.52,-148.22,0,81,0,189,270,450,7,0,0,0,0,82.6
526,48,VICTORY,0,900,100.0,0.0,2,617.4,1105.72,969.32,-63.44,946.32,612,66,9,213,900,25,4,0,0,0,0,82.8
527,41,WIPE,612,288,32.0,0.68,1,0.667,-15.25,-37.4,12.3,27.1,120,0,0,168,288,70,5,0,0,0,0,82.9
528,31,VICTORY,0,900,100.0,0.0,2,1076.957,1171.29,1086.09,1116.99,1027.79,792,0,21,87,900,143,4,0,0,0,0,83.0
529,32,VICTORY,0,900,100.0,0.0,2,1053.847,1186.03,1072.28,1059.58,1029.68,816,0,0,84,900,35,5,0,0,0,0,83.1
530,29,WIPE,600,300,33.33,0.6667,1,70.72,57.17,105.12,30.42,76.62,237,0,0,63,300,0,4,0,0,0,0,83.4
531,33,VICTORY,0,900,100.0,0.0,2,1026.303,1124.02,1034.97,1067.17,976.77,774,0,0,126,900,160,3,0,0,0,0,83.5
532,32,VICTORY,0,900,100.0,0.0,2,1046.047,1207.28,1039.58,1038.88,1059.68,879,0,0,21,900,35,3,0,0,0,0,83.6
533,51,WIPE,555,345,38.33,0.6167,1,-106.95,-42.5,-112.2,-79.15,-129.5,0,99,9,237,345,75,4,0,0,0,0,83.7
534,67,WIPE,621,279,31.0,0.69,1,-174.333,-89.24,-272.96,-133.12,-116.92,0,48,0,231,279,80,3,0,0,0,0,84.0
535,46,VICTORY,0,900,100.0,0.0,2,1036.34,1101.99,1010.54,1102.44,996.04,813,0,0,87,900,160,1,0,0,0,0,84.1
536,35,VICTORY,0,900,100.0,0.0,2,1047.85,1158.15,1059.25,1084.05,1000.25,861,0,18,21,900,74,4,0,0,0,0,84.3
537,36,WIPE,576,324,36.0,0.64,1,-44.583,78.35,-1.85,-75.35,-56.55,198,0,21,105,324,0,3,0,0,0,0,84.4
538,40,VICTORY,0,900,100.0,0.0,2,1035.333,1157.75,1033.0,1045.8,1027.2,762,33,0,105,900,76,5,0,0,0,0,84.6
539,28,VICTORY,0,900,100.0,0.0,2,1032.52,1202.27,1061.42,1023.82,1012.32,900,0,0,0,900,35,4,0,0,0,0,84.7
540,26,VICTORY,0,900,100.0,0.0,2,1090.04,1160.69,1087.14,1040.04,1142.94,570,33,0,297,900,0,5,0,0,0,0,84.8
541,26,VICTORY,0,900,100.0,0.0,2,1026.84,1190.39,1025.54,1033.34,1021.64,830,0,28,42,900,0,4,0,0,0,0,84.9
542,41,VICTORY,0,900,100.0,0.0,2,1060.223,1150.29,1065.49,1058.99,1056.19,816,0,0,84,900,236,6,0,0,0,0,85.0
543,28,VICTORY,0,900,100.0,0.0,2,1067.187,1084.52,1063.82,1022.82,1114.92,477,0,0,423,900,80,3,0,0,0,0,85.1
544,43,WIPE,618,282,31.33,0.6867,1,-85.92,-92.84,-65.62,-47.82,-144.32,81,0,9,192,282,55,6,0,0,0,0,85.4
545,30,VICTORY,0,900,100.0,0.0,2,1081.5,1127.15,1108.5,1044.1,1091.9,729,0,0,171,900,35,3,0,0,0,0,85.5
546,46,WIPE,375,525,58.33,0.4167,1,110.25,-48.95,125.85,-8.95,213.85,0,33,9,483,525,260,6,0,0,0,0,85.6
547,31,WIPE,594,306,34.0,0.66,1,45.1,35.7,41.2,73.2,20.9,159,0,0,147,306,155,3,0,0,0,0,85.7
548,48,VICTORY,0,900,100.0,0.0,2,1023.387,1155.87,1003.42,1015.42,1051.32,783,33,0,84,900,85,6,0,0,0,0,85.8
549,36,VICTORY,0,900,100.0,0.0,2,1059.607,1187.09,1076.54,1060.34,1041.94,900,0,0,0,900,130,4,0,0,0,0,86.0
550,52,WIPE,609,291,32.33,0.6767,1,-49.723,7.29,-71.61,-63.65,-13.91,0,33,0,258,291,0,8,0,0,0,0,86.2
551,28,VICTORY,0,900,100.0,0.0,2,1045.72,1196.77,1066.62,1050.32,1020.22,900,0,0,0,900,80,5,0,0,0,0,86.5
552,52,VICTORY,0,900,100.0,0.0,2,1031.08,1082.28,982.48,1115.28,995.48,699,33,21,147,900,245,5,0,0,0,0,86.7
553,41,VICTORY,0,900,100.0,0.0,2,1044.823,1101.84,999.39,1110.69,1024.39,732,0,39,129,900,145,6,0,0,0,0,86.8
554,49,VICTORY,0,900,100.0,0.0,2,253.85,1130.41,933.11,-116.86,-54.7,648,33,9,210,900,80,2,0,0,0,0,86.9
555,32,VICTORY,0,900,100.0,0.0,2,1064.747,1177.38,1095.68,1062.18,1036.38,795,0,0,105,900,0,2,0,0,0,0,87.0
556,69,WIPE,624,276,30.67,0.6933,1,-186.96,-106.43,-286.18,-93.92,-180.78,81,81,51,63,276,100,5,0,0,0,0,87.2
557,40,VICTORY,0,900,100.0,0.0,2,1070.133,1170.5,1169.1,1002.6,1038.7,837,0,21,42,900,80,3,0,0,0,0,87.5
558,32,WIPE,530,370,41.11,0.5889,1,56.623,68.74,113.49,34.99,21.39,265,0,0,105,370,35,4,0,0,0,0,87.6
559,34,VICTORY,0,900,100.0,0.0,2,1040.46,1207.06,1031.26,1090.86,999.26,858,0,0,42,900,130,3,0,0,0,0,87.7
560,35,VICTORY,0,900,100.0,0.0,2,1025.983,1139.05,946.15,1055.55,1076.25,816,0,21,63,900,120,5,0,0,0,0,87.8
561,37,VICTORY,0,900,100.0,0.0,2,1067.763,1160.83,1114.63,1048.13,1040.53,744,0,9,147,900,35,4,0,0,0,0,87.9
562,33,VICTORY,0,900,100.0,0.0,2,1061.403,1164.97,1094.47,1085.87,1003.87,837,0,0,63,900,125,2,0,0,0,0,88.0
563,102,WIPE,624,276,30.67,0.6933,1,-95.09,29.44,-226.31,53.59,-112.55,201,66,9,0,276,435,5,0,0,0,0,88.3
564,32,VICTORY,0,900,100.0,0.0,2,1047.447,1161.88,1080.78,991.48,1070.08,723,0,9,168,900,143,5,0,0,0,0,88.6
565,24,VICTORY,0,900,100.0,0.0,2,1122.26,1132.21,1109.96,1108.46,1148.36,615,33,0,252,900,50,2,0,0,0,0,88.7
566,39,WIPE,618,282,31.33,0.6867,1,45.753,-0.98,56.72,67.42,13.12,0,0,9,273,282,150,4,0,0,0,0,88.8
567,36,VICTORY,0,900,100.0,0.0,2,1020.773,1143.69,974.94,1050.64,1036.74,774,0,0,126,900,80,5,0,0,0,0,88.9
568,28,VICTORY,0,900,100.0,0.0,2,1049.053,1189.67,1069.32,1009.62,1068.22,828,0,9,63,900,0,3,0,0,0,0,89.0
569,36,WIPE,378,522,58.0,0.42,1,7.483,103.85,39.35,-20.75,3.85,396,0,0,126,522,80,4,0,0,0,0,89.1
570,33,VICTORY,0,900,100.0,0.0,2,657.813,1080.82,980.37,-64.6,1057.67,645,15,9,231,900,0,8,0,0,0,0,89.2
571,34,VICTORY,0,900,100.0,0.0,2,1026.693,1091.76,1001.66,1050.56,1027.86,657,33,21,189,900,65,2,0,0,0,0,89.3
572,40,VICTORY,0,900,100.0,0.0,2,1066.7,1106.25,1017.6,1090.4,1092.1,717,15,0,168,900,94,7,0,0,0,0,89.5
573,30,WIPE,597,303,33.67,0.6633,1,54.477,48.56,88.51,-5.39,80.31,261,0,0,42,303,35,5,0,0,0,0,89.6
574,69,WIPE,624,276,30.67,0.6933,1,-202.523,-124.8,-424.98,-63.65,-118.94,0,162,9,105,276,30,4,0,0,0,0,89.8
575,44,VICTORY,0,900,100.0,0.0,2,1048.727,1188.46,997.26,1069.36,1079.56,858,0,0,42,900,65,5,0,0,0,0,90.0
576,39,VICTORY,0,900,100.0,0.0,2,1094.21,1124.31,1083.81,1170.61,1028.21,900,0,0,0,900,125,2,0,0,0,0,90.1
577,34,VICTORY,0,900,100.0,0.0,2,1040.293,1146.11,1048.86,1052.26,1019.76,795,0,0,105,900,115,6,0,0,0,0,90.2
578,35,VICTORY,0,900,100.0,0.0,2,1040.75,1199.05,1032.15,1070.25,1019.85,816,0,0,84,900,0,4,0,0,0,0,90.4
579,32,VICTORY,0,900,100.0,0.0,2,1008.813,1095.08,1023.68,1009.38,993.38,693,0,18,189,900,65,4,0,0,0,0,90.5
580,45,WIPE,581,319,35.44,0.6456,1,-33.073,39.76,-96.44,0.86,-3.64,0,76,30,213,319,0,8,0,0,0,0,90.6
581,37,VICTORY,0,900,100.0,0.0,2,1053.063,1128.48,1056.93,1099.73,1002.53,735,0,18,147,900,130,9,0,0,0,0,90.7
582,29,VICTORY,0,900,100.0,0.0,2,1077.577,1204.86,1117.41,1036.91,1078.41,753,0,0,147,900,0,4,0,0,0,0,90.8
583,33,VICTORY,0,900,100.0,0.0,2,1059.97,1203.42,1135.67,1021.77,1022.47,779,0,37,84,900,0,4,0,0,0,0,90.9
584,29,VICTORY,0,900,100.0,0.0,2,1056.21,1211.11,1075.11,1083.41,1010.11,858,0,0,42,900,73,6,0,0,0,0,91.0
585,47,VICTORY,0,900,100.0,0.0,2,1076.863,1114.23,1034.03,1097.43,1099.13,774,0,0,126,900,97,9,0,0,0,0,91.2
586,38,VICTORY,0,900,100.0,0.0,2,1052.42,1117.67,1066.72,1049.82,1040.72,762,0,12,126,900,60,5,0,0,0,0,91.5
587,36,WIPE,621,279,31.0,0.69,1,38.517,3.65,79.85,15.15,20.55,81,0,9,189,279,139,4,0,0,0,0,91.6
588,29,VICTORY,0,900,100.0,0.0,2,1028.677,1210.11,1012.81,1043.51,1029.71,858,0,0,42,900,50,5,0,0,0,0,91.7
589,30,VICTORY,0,900,100.0,0.0,2,1058.7,1156.3,1039.7,1096.5,1039.9,774,0,0,126,900,86,4,0,0,0,0,91.8
590,28,VICTORY,0,900,100.0,0.0,2,1047.42,1199.12,1049.52,1039.42,1053.32,879,0,0,21,900,35,5,0,0,0,0,91.9
591,32,VICTORY,0,900,100.0,0.0,2,1053.347,1148.08,1113.78,941.28,1104.98,793,0,51,56,900,150,4,0,0,0,0,91.9
592,31,WIPE,543,357,39.67,0.6033,1,29.767,16.35,6.3,97.6,-14.6,213,0,18,126,357,80,6,0,0,0,0,92.0
593,26,VICTORY,0,900,100.0,0.0,2,1033.84,1112.94,1094.04,1060.24,947.24,637,53,0,210,900,0,4,0,0,0,0,92.1
594,30,VICTORY,0,900,100.0,0.0,2,1079.167,1127.8,1100.7,1046.7,1090.1,774,0,0,126,900,35,5,0,0,0,0,92.2
595,36,WIPE,381,519,57.67,0.4233,1,17.517,57.85,-0.95,77.85,-24.35,237,0,9,273,519,175,5,0,0,0,0,92.5
596,33,VICTORY,0,900,100.0,0.0,2,1041.337,1184.62,1063.57,1063.37,997.07,816,0,42,42,900,150,4,0,0,0,0,92.6
597,34,VICTORY,0,900,100.0,0.0,2,1036.793,1161.41,1030.36,1010.06,1069.96,816,0,0,84,900,80,8,0,0,0,0,92.7
598,35,VICTORY,0,900,100.0,0.0,2,1088.017,1106.8,1078.95,1055.85,1129.25,795,0,21,84,900,65,3,0,0,0,0,92.9
599,28,VICTORY,0,900,100.0,0.0,2,1035.72,1204.02,1036.72,1048.22,1022.22,816,0,21,63,900,95,3,0,0,0,0,93.0
600,40,VICTORY,0,900,100.0,0.0,2,1068.367,1121.9,1032.5,1040.9,1131.7,703,20,9,168,900,35,4,0,0,0,0,93.1
601,33,VICTORY,0,900,100.0,0.0,2,1025.37,1118.87,1043.97,997.37,1034.77,693,0,18,189,900,0,4,0,0,0,0,93.2
602,31,WIPE,393,507,56.33,0.4367,1,47.733,-11.45,11.7,28.0,103.5,159,0,51,297,507,35,3,0,0,0,0,93.3
603,51,WIPE,627,273,30.33,0.6967,1,-129.657,-85.04,-57.6,-143.57,-187.8,0,0,39,234,273,160,5,0,0,0,0,93.6
604,37,VICTORY,0,900,100.0,0.0,2,1023.363,1129.83,1009.23,1102.73,958.13,594,33,42,231,900,245,3,0,0,0,0,93.7
605,35,VICTORY,0,900,100.0,0.0,2,1030.95,1116.65,1094.45,1030.85,967.55,711,0,0,189,900,215,4,0,0,0,0,93.8
606,39,VICTORY,0,900,100.0,0.0,2,1036.243,1116.66,1065.91,1032.71,1010.11,891,0,9,0,900,35,1,0,0,0,0,94.0
607,23,VICTORY,0,900,100.0,0.0,2,1081.603,1114.22,1099.67,1036.37,1108.77,669,0,0,231,900,35,3,0,0,0,0,94.0
608,39,VICTORY,0,900,100.0,0.0,2,1025.043,1179.16,1030.91,1057.51,986.71,699,33,0,168,900,245,7,0,0,0,0,94.1
609,23,VICTORY,0,900,100.0,0.0,2,1046.437,1173.27,1074.67,1013.37,1051.27,714,0,37,149,900,0,4,0,0,0,0,94.2
610,36,VICTORY,0,900,100.0,0.0,2,1044.807,1220.99,1082.34,1024.24,1027.84,807,0,30,63,900,30,4,0,0,0,0,94.3
611,39,WIPE,600,300,33.33,0.6667,1,30.013,-12.48,46.32,-52.6,96.32,0,81,9,210,300,0,5,0,0,0,0,94.6
612,29,VICTORY,0,900,100.0,0.0,2,1056.577,1094.71,1040.41,1038.91,1090.41,633,0,0,267,900,115,4,0,0,0,0,94.7
613,33,WIPE,600,300,33.33,0.6667,1,53.513,0.28,101.58,63.08,-4.12,120,0,9,171,300,80,3,0,0,0,0,94.8
614,32,WIPE,264,636,70.67,0.2933,1,80.057,58.04,68.69,59.09,112.39,480,0,30,126,636,150,5,0,0,0,0,94.9
615,31,VICTORY,0,900,100.0,0.0,2,1033.59,1189.34,1046.89,1031.29,1022.59,828,0,9,63,900,80,2,0,0,0,0,95.0
616,33,VICTORY,0,900,100.0,0.0,2,1039.037,1161.82,1052.97,1047.07,1017.07,795,0,0,105,900,35,2,0,0,0,0,95.2
617,23,VICTORY,0,900,100.0,0.0,2,1046.803,1184.62,1038.87,992.97,1108.57,753,0,0,147,900,35,1,0,0,0,0,95.2
618,30,VICTORY,0,900,100.0,0.0,2,1043.733,1164.85,1045.4,1072.7,1013.1,762,33,21,84,900,90,3,0,0,0,0,95.3
619,56,WIPE,605,295,32.78,0.6722,1,-105.96,-85.34,-35.25,-122.98,-159.65,120,96,37,42,295,0,6,0,0,0,0,95.5
620,44,VICTORY,0,900,100.0,0.0,2,993.493,1030.06,992.36,1050.76,937.36,582,0,39,279,900,235,4,0,0,0,0,95.8
621,36,VICTORY,0,900,100.0,0.0,2,1034.307,1073.09,1115.24,1020.04,967.64,702,0,9,189,900,65,0,0,0,0,0,96.0
622,33,WIPE,597,303,33.67,0.6633,1,41.613,-22.57,24.08,110.78,-10.02,81,33,21,168,303,160,3,0,0,0,0,96.1
623,29,VICTORY,0,900,100.0,0.0,2,1074.577,1079.06,1123.71,1021.61,1078.41,531,33,0,336,900,35,2,0,0,0,0,96.2
624,35,VICTORY,0,900,100.0,0.0,2,1044.083,1200.55,1042.35,1076.25,1013.65,816,0,0,84,900,45,3,0,0,0,0,96.3
625,35,WIPE,615,285,31.67,0.6833,1,53.993,-9.14,58.96,109.76,-6.74,159,0,21,105,285,195,1,0,0,0,0,96.4
626,26,VICTORY,0,900,100.0,0.0,2,1044.073,1177.79,1099.34,1014.54,1018.34,816,0,0,84,900,55,1,0,0,0,0,96.5
627,38,VICTORY,0,900,100.0,0.0,2,1046.82,1154.07,1061.12,1030.42,1048.92,816,0,0,84,900,110,2,0,0,0,0,96.6
628,35,WIPE,582,318,35.33,0.6467,1,63.293,22.06,150.76,54.66,-15.54,159,33,0,126,318,45,1,0,0,0,0,96.8
629,36,VICTORY,0,900,100.0,0.0,2,1077.507,1159.34,1046.44,1072.54,1113.54,732,33,9,126,900,85,3,0,0,0,0,97.0
630,34,VICTORY,0,900,100.0,0.0,2,1030.393,1177.01,1053.06,1005.36,1032.76,861,0,39,0,900,115,6,0,0,0,0,97.1
631,33,VICTORY,0,900,100.0,0.0,2,1053.637,1080.32,1103.67,1020.07,1037.17,576,0,9,315,900,130,4,0,0,0,0,97.2
632,30,WIPE,239,661,73.44,0.2656,1,23.443,77.86,73.01,3.81,-6.49,556,0,0,105,661,95,4,0,0,0,0,97.3
633,57,WIPE,627,273,30.33,0.6967,1,-128.627,-136.75,-153.06,-113.36,-119.46,81,63,0,129,273,120,4,0,0,0,0,97.4
634,41,VICTORY,0,900,100.0,0.0,2,1047.023,1161.74,1061.89,1058.49,1020.69,900,0,0,0,900,101,2,0,0,0,0,97.5
635,32,VICTORY,0,900,100.0,0.0,2,1030.413,1179.73,1022.78,1091.48,976.98,773,43,0,84,900,139,4,0,0,0,0,97.8
636,25,WIPE,300,600,66.67,0.3333,1,26.593,128.21,31.16,37.96,10.66,516,0,0,84,600,13,1,0,0,0,0,97.9
637,32,VICTORY,0,900,100.0,0.0,2,1033.18,1199.03,1040.98,1031.18,1027.38,774,0,0,126,900,0,3,0,0,0,0,98.0
638,57,VICTORY,0,900,100.0,0.0,2,646.763,1058.78,980.23,1073.63,-113.57,696,132,9,63,900,200,1,0,0,0,0,98.1
639,76,WIPE,558,342,38.0,0.62,1,17.67,-17.6,-59.55,145.55,-32.99,201,132,9,0,342,465,1,0,0,0,0,98.3
640,36,WIPE,380,520,57.78,0.4222,1,49.417,27.85,17.25,95.55,35.45,237,76,18,189,520,120,4,0,0,0,0,98.4
641,50,WIPE,354,546,60.67,0.3933,1,-20.967,36.06,-6.09,-53.62,-3.19,399,66,18,63,546,35,3,0,0,0,0,98.7
642,33,WIPE,591,309,34.33,0.6567,1,30.513,-0.07,14.68,39.78,37.08,162,0,21,126,309,35,3,0,0,0,0,98.8
643,38,VICTORY,0,900,100.0,0.0,2,1086.587,1132.67,1075.82,1107.92,1076.02,762,33,0,105,900,60,6,0,0,0,0,99.0
644,33,VICTORY,0,900,100.0,0.0,2,1071.037,1210.97,1076.77,1110.37,1025.97,816,0,0,84,900,126,3,0,0,0,0,99.0
645,36,WIPE,537,363,40.33,0.5967,1,28.083,-68.7,47.15,33.75,3.35,162,0,9,192,363,145,7,0,0,0,0,99.1
646,26,WIPE,360,540,60.0,0.4,1,29.983,111.8,19.75,56.45,13.75,477,0,0,63,540,96,4,0,0,0,0,99.2
647,58,VICTORY,0,900,100.0,0.0,2,1023.52,1138.37,959.92,1115.72,994.92,677,139,0,84,900,115,3,0,0,0,0,99.4
648,38,VICTORY,0,900,100.0,0.0,2,1003.687,1095.02,947.82,1072.02,991.22,810,0,27,63,900,210,2,0,0,0,0,99.7
649,44,WIPE,81,819,91.0,0.09,2,33.77,151.72,64.77,30.37,6.17,714,0,0,105,819,90,2,0,0,0,0,99.8
650,42,VICTORY,0,900,100.0,0.0,2,1076.013,1113.73,1048.78,1202.58,976.68,807,0,9,84,900,185,5,0,0,0,0,100.0
651,50,WIPE,612,288,32.0,0.68,1,-4.59,-103.79,82.21,-71.99,-23.99,0,33,0,255,288,115,1,0,0,0,0,100.1
652,29,WIPE,450,450,50.0,0.5,1,48.753,108.02,51.52,90.92,3.82,357,0,9,84,450,55,2,0,0,0,0,100.2
653,45,VICTORY,0,900,100.0,0.0,2,656.443,1088.45,1124.15,-72.07,917.25,687,0,0,213,900,160,5,0,0,0,0,100.3
654,76,WIPE,624,276,30.67,0.6933,1,-105.337,38.25,-34.85,-98.2,-182.96,0,81,0,195,276,55,4,0,0,0,0,100.6
655,32,VICTORY,0,900,100.0,0.0,2,1080.347,1125.23,1078.18,1051.18,1111.68,753,0,0,147,900,70,2,0,0,0,0,100.8
656,32,WIPE,456,444,49.33,0.5067,1,49.29,-46.51,92.19,10.99,44.69,318,0,0,126,444,37,5,0,0,0,0,100.9
657,38,VICTORY,0,900,100.0,0.0,2,1054.22,1191.57,1058.32,1074.42,1029.92,837,0,0,63,900,55,6,0,0,0,0,101.0
658,34,VICTORY,0,900,100.0,0.0,2,1062.893,1199.46,1079.66,1046.06,1062.96,795,0,0,105,900,25,3,0,0,0,0,101.2
659,39,VICTORY,0,900,100.0,0.0,2,1033.21,1169.11,1006.81,1035.91,1056.91,771,0,0,129,900,35,4,0,0,0,0,101.3
660,45,VICTORY,0,900,100.0,0.0,2,1007.983,1219.35,1105.15,1080.55,838.25,801,15,21,63,900,68,3,0,0,0,0,101.5
661,34,WIPE,489,411,45.67,0.5433,1,6.17,55.57,-14.63,-2.13,35.27,240,0,0,171,411,0,6,0,0,0,0,101.6
662,82,WIPE,606,294,32.67,0.6733,1,-318.01,-96.67,-350.61,-303.81,-299.61,162,114,18,0,294,550,6,0,0,0,0,101.9
663,50,VICTORY,0,900,100.0,0.0,2,1061.933,1083.85,1135.0,1047.6,1003.2,891,0,9,0,900,245,1,0,0,0,0,102.2
664,33,VICTORY,0,900,100.0,0.0,2,1031.003,1105.07,1025.07,1034.17,1033.77,782,76,0,42,900,85,3,0,0,0,0,102.3
665,37,VICTORY,0,900,100.0,0.0,2,1047.33,1164.33,1014.63,1057.33,1070.03,813,0,0,87,900,92,3,0,0,0,0,102.5
666,61,WIPE,624,276,30.67,0.6933,1,-225.047,-122.86,-192.6,-254.7,-227.84,81,33,9,153,276,315,5,0,0,0,0,102.7
667,34,WIPE,597,303,33.67,0.6633,1,53.803,-7.58,17.27,79.57,64.57,159,0,39,105,303,85,3,0,0,0,0,102.8
668,36,WIPE,591,309,34.33,0.6567,1,25.95,-19.15,1.15,101.05,-24.35,279,0,9,21,309,165,2,0,0,0,0,102.9
669,34,VICTORY,0,900,100.0,0.0,2,1041.96,1175.21,1019.96,1040.56,1065.36,849,0,9,42,900,35,4,0,0,0,0,103.0
670,33,VICTORY,0,900,100.0,0.0,2,1059.037,1173.57,1063.17,1077.47,1036.47,879,0,21,0,900,0,1,0,0,0,0,103.3
671,60,WIPE,615,285,31.67,0.6833,1,-28.357,0.61,-84.29,29.51,-30.29,81,99,0,105,285,120,3,0,0,0,0,103.5
672,42,VICTORY,0,900,100.0,0.0,2,1064.48,1155.73,1056.58,1102.68,1034.18,816,0,0,84,900,80,4,0,0,0,0,103.6
673,27,VICTORY,0,900,100.0,0.0,2,1054.463,1094.08,1015.63,1106.43,1041.33,606,33,39,222,900,140,4,0,0,0,0,103.7
674,33,WIPE,608,292,32.44,0.6756,1,47.047,4.18,63.58,84.38,-6.82,196,0,9,87,292,68,4,0,0,0,0,103.8
675,45,VICTORY,0,900,100.0,0.0,2,1016.117,1078.7,947.55,1088.35,1012.45,720,33,18,129,900,295,8,0,0,0,0,103.9
676,34,WIPE,282,618,68.67,0.3133,1,-4.763,111.97,45.67,15.97,-75.93,597,0,0,21,618,110,5,0,0,0,0,104.0
677,79,WIPE,603,297,33.0,0.67,1,-113.373,3.62,-100.88,-136.3,-102.94,81,78,30,108,297,240,11,0,0,0,0,104.4
678,77,WIPE,585,315,35.0,0.65,1,-22.627,123.54,-177.76,152.84,-42.96,0,261,54,0,315,520,1,0,0,0,0,104.6
679,53,WIPE,612,288,32.0,0.68,1,-2.787,-37.42,-134.62,99.88,26.38,0,33,39,216,288,281,6,0,0,0,0,104.7
680,41,VICTORY,0,900,100.0,0.0,2,1024.223,1169.44,1050.99,1045.49,976.19,747,0,27,126,900,126,5,0,0,0,0,104.8
681,39,VICTORY,0,900,100.0,0.0,2,1039.61,1165.06,1068.51,1025.41,1024.91,816,0,0,84,900,110,5,0,0,0,0,104.9
682,41,VICTORY,0,900,100.0,0.0,2,1065.79,1073.99,1045.99,1098.49,1052.89,705,0,0,195,900,236,4,0,0,0,0,105.3
683,30,VICTORY,0,900,100.0,0.0,2,1052.233,1165.0,1066.7,1060.6,1029.4,804,0,9,87,900,105,8,0,0,0,0,105.3
684,37,VICTORY,0,900,100.0,0.0,2,1052.73,1086.28,1070.23,1072.13,1015.83,678,0,9,213,900,0,5,0,0,0,0,105.5
685,50,WIPE,561,339,37.67,0.6233,1,-4.123,-26.79,-38.39,44.21,-18.19,0,33,0,306,339,35,7,0,0,0,0,105.6
686,39,VICTORY,0,900,100.0,0.0,2,1058.31,1116.46,1077.71,1123.81,973.41,750,0,0,150,900,150,5,0,0,0,0,105.8
687,38,WIPE,624,276,30.67,0.6933,1,8.93,-64.27,49.23,23.13,-45.57,81,0,0,195,276,160,5,0,0,0,0,105.9
688,47,VICTORY,0,900,100.0,0.0,2,1068.163,1139.13,997.63,1129.03,1077.83,780,15,0,105,900,295,3,0,0,0,0,106.0
689,35,VICTORY,0,900,100.0,0.0,2,1039.283,1174.1,1060.65,1036.65,1020.55,834,0,0,66,900,109,10,0,0,0,0,106.3
690,38,VICTORY,0,900,100.0,0.0,2,1007.187,1180.22,989.92,1038.22,993.42,867,33,0,0,900,175,10,0,0,0,0,106.4
691,41,VICTORY,0,900,100.0,0.0,2,1055.957,1182.54,1041.39,1077.19,1049.29,741,33,0,126,900,50,6,0,0,0,0,106.5
692,35,VICTORY,0,900,100.0,0.0,2,1054.117,1147.15,1061.45,1067.35,1033.55,771,0,0,129,900,95,7,0,0,0,0,106.6
693,48,WIPE,630,270,30.0,0.7,1,-72.37,-72.89,-51.27,-53.77,-112.07,120,99,9,42,270,200,3,0,0,0,0,106.8
694,32,WIPE,612,288,32.0,0.68,1,50.557,-5.81,80.79,86.09,-15.21,279,0,9,0,288,50,0,0,0,0,0,106.9
695,33,VICTORY,0,900,100.0,0.0,2,1048.937,1190.57,1066.07,1048.27,1032.47,819,0,18,63,900,25,7,0,0,0,0,107.0
696,48,WIPE,441,459,51.0,0.49,1,-128.67,-78.55,-198.87,-85.17,-101.97,120,96,0,243,459,35,4,0,0,0,0,107.2
697,44,VICTORY,0,900,100.0,0.0,2,1019.227,1157.26,989.66,1066.36,1001.66,720,0,51,129,900,250,5,0,0,0,0,107.4
698,51,WIPE,603,297,33.0,0.67,1,-141.683,-96.2,-103.0,-120.75,-201.3,81,96,30,90,297,175,4,0,0,0,0,107.5
699,86,WIPE,600,300,33.33,0.6667,1,-179.973,-104.87,-325.55,-115.71,-98.66,81,165,9,45,300,190,5,0,0,0,0,107.8
700,68,WIPE,606,294,32.67,0.6733,1,-54.56,-156.57,-106.27,5.49,-62.9,198,33,0,63,294,320,7,0,0,0,0,108.0
701,35,VICTORY,0,900,100.0,0.0,2,1046.783,1193.15,1048.95,1041.55,1049.85,870,0,9,21,900,35,4,0,0,0,0,108.2
702,51,VICTORY,0,900,100.0,0.0,2,1069.89,1132.99,1035.99,1160.49,1013.19,780,0,9,111,900,254,6,0,0,0,0,108.4
703,38,VICTORY,0,900,100.0,0.0,2,973.953,1087.72,977.22,982.12,962.52,648,81,18,153,900,230,3,0,0,0,0,108.5
704,36,VICTORY,0,900,100.0,0.0,2,1034.04,1161.09,1014.94,1099.24,987.94,900,0,0,0,900,185,7,0,0,0,0,108.6
705,43,VICTORY,0,900,100.0,0.0,2,1020.17,1135.72,1049.77,1053.27,957.47,837,0,0,63,900,195,7,0,0,0,0,108.7
706,36,VICTORY,0,900,100.0,0.0,2,1037.373,1175.04,1032.64,1076.64,1002.84,813,0,0,87,900,210,6,0,0,0,0,108.8
707,37,VICTORY,0,900,100.0,0.0,2,1053.13,1153.73,1082.53,1043.73,1033.13,771,0,18,111,900,60,4,0,0,0,0,108.9
708,39,VICTORY,0,900,100.0,0.0,2,1007.71,1149.81,982.41,1036.91,1003.81,870,0,9,21,900,336,1,0,0,0,0,109.2
709,35,VICTORY,0,900,100.0,0.0,2,1079.55,1143.35,1040.85,1110.25,1087.55,858,0,0,42,900,143,8,0,0,0,0,109.3
710,43,VICTORY,0,900,100.0,0.0,2,972.203,1081.02,1015.77,1015.17,885.67,720,0,12,168,900,250,9,0,0,0,0,109.4
711,44,VICTORY,0,900,100.0,0.0,2,1089.627,1215.91,1085.86,1122.96,1060.06,771,0,0,129,900,155,10,0,0,0,0,109.5
712,28,VICTORY,0,900,100.0,0.0,2,1046.42,1164.07,1034.12,1052.02,1053.12,662,0,70,168,900,70,7,0,0,0,0,109.6
713,41,VICTORY,0,900,100.0,0.0,2,1027.99,1113.49,1039.09,1032.29,1012.59,756,15,0,129,900,150,9,0,0,0,0,109.7
714,41,VICTORY,0,900,100.0,0.0,2,1065.157,1173.39,1086.29,1039.99,1069.19,750,33,9,108,900,61,9,0,0,0,0,109.9
715,45,VICTORY,0,900,100.0,0.0,2,1028.883,1159.05,1033.45,1071.65,981.55,771,0,0,129,900,130,4,0,0,0,0,110.1
716,64,WIPE,18,882,98.0,0.02,2,-45.657,99.72,-108.83,115.27,-143.41,753,0,0,129,882,225,6,0,0,0,0,110.3
717,74,WIPE,624,276,30.67,0.6933,1,-34.61,-31.33,-192.03,122.87,-34.67,0,99,66,111,276,536,6,0,0,0,0,110.5
718,33,VICTORY,0,900,100.0,0.0,2,1084.703,1220.47,1058.47,1094.77,1100.87,816,0,0,84,900,33,4,0,0,0,0,110.6
719,39,VICTORY,0,900,100.0,0.0,2,1068.51,1141.91,1096.21,1076.71,1032.61,774,0,21,105,900,195,6,0,0,0,0,110.7
720,43,WIPE,618,282,31.33,0.6867,1,88.547,-27.32,60.78,81.38,123.48,81,0,9,192,282,115,4,0,0,0,0,110.8
721,73,WIPE,630,270,30.0,0.7,1,-271.953,-73.01,-318.82,-118.62,-378.42,0,162,0,108,270,80,5,0,0,0,0,111.2
722,55,VICTORY,0,900,100.0,0.0,2,668.237,1080.05,956.05,1135.65,-86.99,705,0,48,147,900,200,4,0,0,0,0,111.4
723,34,WIPE,450,450,50.0,0.5,1,52.637,101.57,96.07,62.07,-0.23,279,0,0,171,450,115,3,0,0,0,0,111.5
724,42,VICTORY,0,900,100.0,0.0,2,1055.747,1161.13,1108.38,1025.28,1033.58,723,0,30,147,900,0,8,0,0,0,0,111.6
725,28,WIPE,618,282,31.33,0.6867,1,42.663,41.68,24.33,85.33,18.33,210,0,9,63,282,139,4,0,0,0,0,111.7
726,30,WIPE,611,289,32.11,0.6789,1,44.743,29.31,25.01,95.31,13.91,196,0,30,63,289,155,7,0,0,0,0,111.8
727,44,VICTORY,0,900,100.0,0.0,2,1042.427,1120.01,1040.86,1072.96,1013.46,756,0,18,126,900,180,7,0,0,0,0,112.0
728,46,WIPE,612,288,32.0,0.68,1,29.383,-0.45,19.05,-13.85,82.95,0,99,57,132,288,235,4,0,0,0,0,112.2
729,55,WIPE,150,750,83.33,0.1667,2,12.06,47.21,27.26,4.56,4.36,558,0,21,171,750,284,9,0,0,0,0,112.3
730,51,VICTORY,0,900,100.0,0.0,2,1007.323,1143.49,969.09,1033.59,1019.29,708,0,18,174,900,270,3,0,0,0,0,112.5
731,37,VICTORY,0,900,100.0,0.0,2,1023.43,1181.23,1050.33,1008.33,1011.63,750,0,21,129,900,0,4,0,0,0,0,112.6
732,27,WIPE,297,603,67.0,0.33,1,34.507,105.44,21.84,67.44,14.24,516,0,0,87,603,48,3,0,0,0,0,112.7
733,40,VICTORY,0,900,100.0,0.0,2,1102.467,1133.9,1115.5,1116.8,1075.1,774,33,9,84,900,195,3,0,0,0,0,113.0
734,55,WIPE,510,390,43.33,0.5667,1,-156.737,-150.33,-214.04,-119.93,-136.24,81,66,0,243,390,179,7,0,0,0,0,113.1
735,43,VICTORY,0,900,100.0,0.0,2,1042.437,1175.72,1075.37,1049.07,1002.87,806,15,37,42,900,115,3,0,0,0,0,113.3
736,33,VICTORY,0,900,100.0,0.0,2,1037.603,1193.22,1043.57,1027.77,1041.47,780,33,0,87,900,35,4,0,0,0,0,113.4
737,39,VICTORY,0,900,100.0,0.0,2,1088.977,1108.46,1126.31,1034.41,1106.21,783,0,30,87,900,148,7,0,0,0,0,113.5
738,34,VICTORY,0,900,100.0,0.0,2,1057.36,1134.51,1039.96,1142.86,989.26,720,0,51,129,900,160,4,0,0,0,0,113.6
739,58,WIPE,618,282,31.33,0.6867,1,-219.953,-108.67,-342.27,-200.17,-117.42,0,99,30,153,282,165,3,0,0,0,0,113.7
740,38,WIPE,396,504,56.0,0.44,1,32.263,88.93,14.93,43.33,38.53,318,33,0,153,504,0,6,0,0,0,0,114.0
741,46,VICTORY,0,900,100.0,0.0,2,1024.24,1194.79,955.84,1037.74,1079.14,834,0,0,66,900,85,3,0,0,0,0,114.1
742,45,WIPE,618,282,31.33,0.6867,1,39.96,-30.24,35.36,55.86,28.66,240,33,9,0,282,135,1,0,0,0,0,114.3
743,30,WIPE,276,624,69.33,0.3067,1,25.11,121.76,37.21,19.11,19.01,519,0,0,105,624,50,4,0,0,0,0,114.4
744,37,VICTORY,0,900,100.0,0.0,2,1069.03,1153.03,1075.53,1114.23,1017.33,774,0,21,105,900,95,4,0,0,0,0,114.5
745,36,VICTORY,0,900,100.0,0.0,2,1052.373,1150.74,1085.74,1044.84,1026.54,741,0,9,150,900,65,7,0,0,0,0,114.6
746,300,TIMEOUT,669,231,25.67,0.7433,0,-803.763,-135.23,-473.61,-1806.9,-130.78,81,99,9,42,231,1715,6,0,0,0,0,115.4
747,52,VICTORY,0,900,100.0,0.0,2,1024.147,1137.38,1044.38,1084.88,943.18,642,0,0,258,900,219,2,0,0,0,0,115.8
748,40,VICTORY,0,900,100.0,0.0,2,1051.033,1162.8,1022.7,1072.0,1058.4,837,0,21,42,900,86,5,0,0,0,0,115.9
749,48,VICTORY,0,900,100.0,0.0,2,1033.387,1193.82,1026.82,1005.02,1068.32,786,0,9,105,900,124,6,0,0,0,0,116.1
750,49,WIPE,600,300,33.33,0.6667,1,-193.58,-45.3,-175.48,-167.88,-237.38,159,33,0,108,300,85,3,0,0,0,0,116.2
751,43,VICTORY,0,900,100.0,0.0,2,1046.837,1217.82,1010.47,1093.27,1036.77,759,15,0,126,900,55,2,0,0,0,0,116.3
752,32,WIPE,360,540,60.0,0.4,1,10.39,55.64,17.79,27.49,-14.11,360,0,9,171,540,154,3,0,0,0,0,116.4
753,36,VICTORY,0,900,100.0,0.0,2,1038.54,1147.14,1042.54,1126.14,946.94,749,43,0,108,900,224,2,0,0,0,0,116.6
754,31,WIPE,327,573,63.67,0.3633,1,18.667,137.05,61.2,6.0,-11.2,519,0,33,21,573,56,5,0,0,0,0,116.7
755,33,WIPE,432,468,52.0,0.48,1,19.58,-5.37,-3.72,73.98,-11.52,279,15,0,174,468,259,3,0,0,0,0,116.8
756,31,VICTORY,0,900,100.0,0.0,2,1049.49,1196.04,1069.79,1043.79,1034.89,828,0,9,63,900,55,5,0,0,0,0,116.9
757,31,WIPE,615,285,31.67,0.6833,1,16.8,23.0,17.7,61.5,-28.8,222,0,0,63,285,25,3,0,0,0,0,117.0
758,36,WIPE,618,282,31.33,0.6867,1,17.117,-73.85,-9.35,-11.55,72.25,81,33,0,168,282,195,5,0,0,0,0,117.1
759,36,WIPE,630,270,30.0,0.7,1,9.917,9.15,2.15,66.95,-39.35,81,0,42,147,270,160,6,0,0,0,0,117.2
760,50,VICTORY,0,900,100.0,0.0,2,1025.0,1139.35,996.0,1050.6,1028.4,699,0,9,192,900,124,4,0,0,0,0,117.4
761,30,VICTORY,0,900,100.0,0.0,2,1053.1,1221.2,1062.0,1057.7,1039.6,900,0,0,0,900,83,2,0,0,0,0,117.6
762,46,WIPE,114,786,87.33,0.1267,2,109.417,122.25,158.25,125.15,44.85,558,0,39,189,786,0,1,0,0,0,0,117.7
763,33,VICTORY,0,900,100.0,0.0,2,1047.003,1191.77,1030.97,1072.17,1037.87,828,0,9,63,900,45,5,0,0,0,0,117.8
764,72,WIPE,615,285,31.67,0.6833,1,-200.643,-147.96,-244.11,-148.31,-209.51,81,66,30,108,285,310,3,0,0,0,0,118.0
765,40,VICTORY,0,900,100.0,0.0,2,987.333,1063.2,975.9,1034.3,951.8,695,0,55,150,900,270,5,0,0,0,0,118.1
766,36,WIPE,515,385,42.78,0.5722,1,37.65,41.4,83.65,45.85,-16.55,265,33,21,66,385,210,5,0,0,0,0,118.2
767,45,VICTORY,0,900,100.0,0.0,2,1005.15,1113.35,934.75,1113.15,967.55,762,0,9,129,900,65,4,0,0,0,0,118.5
768,37,VICTORY,0,900,100.0,0.0,2,1050.797,1190.93,1073.73,1034.83,1043.83,828,0,9,63,900,35,2,0,0,0,0,118.6
769,31,VICTORY,0,900,100.0,0.0,2,1027.157,1202.29,1012.79,1070.09,998.59,792,0,0,108,900,0,7,0,0,0,0,118.7
770,30,WIPE,477,423,47.0,0.53,1,50.743,103.76,34.41,34.81,83.01,318,0,0,105,423,65,5,0,0,0,0,118.8
771,51,VICTORY,0,900,100.0,0.0,2,1075.49,1163.69,1075.89,1091.29,1059.29,816,33,9,42,900,146,6,0,0,0,0,119.0
772,34,VICTORY,0,900,100.0,0.0,2,1085.127,1159.81,1139.46,1082.66,1033.26,774,0,0,126,900,110,7,0,0,0,0,119.1
773,36,VICTORY,0,900,100.0,0.0,2,1014.107,1163.94,1005.14,1065.44,971.74,720,15,18,147,900,125,5,0,0,0,0,119.2
774,30,WIPE,342,558,62.0,0.38,1,58.743,103.31,45.61,90.51,40.11,519,0,39,0,558,80,1,0,0,0,0,119.4
775,44,VICTORY,0,900,100.0,0.0,2,1052.293,1084.31,1011.66,1130.46,1014.76,708,33,12,147,900,320,6,0,0,0,0,119.5
776,35,VICTORY,0,900,100.0,0.0,2,1053.017,1130.85,1044.05,1074.75,1040.25,699,33,18,150,900,101,4,0,0,0,0,119.6
777,34,WIPE,269,631,70.11,0.2989,1,51.503,62.52,26.37,149.17,-21.03,505,0,18,108,631,145,3,0,0,0,0,119.7
778,300,TIMEOUT,819,81,9.0,0.91,0,-795.28,3.96,-205.52,-1724.2,-456.12,0,33,27,21,81,1840,11,0,0,0,0,120.6
779,37,VICTORY,0,900,100.0,0.0,2,1039.863,1158.13,1023.13,1072.53,1023.93,804,33,0,63,900,160,9,0,0,0,0,120.9
780,78,WIPE,621,279,31.0,0.69,1,-333.703,-69.35,-373.97,-293.47,-333.67,0,144,30,105,279,537,4,0,0,0,0,121.1
781,41,VICTORY,0,900,100.0,0.0,2,1056.723,1156.49,1050.39,1094.69,1025.09,714,33,27,126,900,240,7,0,0,0,0,121.3
782,36,VICTORY,0,900,100.0,0.0,2,1050.773,1168.09,1062.34,1104.84,985.14,750,0,0,150,900,160,6,0,0,0,0,121.4
783,47,VICTORY,0,900,100.0,0.0,2,1077.463,1197.43,1089.33,1082.43,1060.63,771,0,0,129,900,125,7,0,0,0,0,121.6
784,36,VICTORY,0,900,100.0,0.0,2,1067.94,1165.94,1056.94,1070.54,1076.34,900,0,0,0,900,80,5,0,0,0,0,121.7
785,44,VICTORY,0,900,100.0,0.0,2,1027.927,1046.51,1102.16,1005.66,975.96,747,0,27,126,900,210,3,0,0,0,0,121.9
786,43,VICTORY,0,900,100.0,0.0,2,1043.87,1145.77,1093.47,1044.47,993.67,861,0,18,21,900,110,3,0,0,0,0,122.1
787,45,VICTORY,0,900,100.0,0.0,2,1013.35,1175.35,994.95,1087.15,957.95,852,48,0,0,900,110,5,0,0,0,0,122.2
788,29,WIPE,300,600,66.67,0.3333,1,68.053,118.87,49.82,58.82,95.52,516,0,21,63,600,60,5,0,0,0,0,122.3
789,37,VICTORY,0,900,100.0,0.0,2,1036.93,1150.48,1114.33,1024.23,972.23,795,0,0,105,900,115,3,0,0,0,0,122.4
790,300,TIMEOUT,663,237,26.33,0.7367,0,-822.837,-99.79,-266.73,-2052.2,-149.58,0,99,9,129,237,1335,7,0,0,0,0,123.3
791,26,WIPE,594,306,34.0,0.66,1,23.017,14.6,36.65,7.65,24.75,198,0,0,108,306,0,4,0,0,0,0,123.6
792,36,VICTORY,0,900,100.0,0.0,2,993.807,1105.99,944.04,1018.44,1018.94,657,81,9,153,900,80,9,0,0,0,0,123.7
793,39,VICTORY,0,900,100.0,0.0,2,648.19,1119.71,1016.51,-49.65,977.71,657,0,30,213,900,0,4,0,0,0,0,123.8
794,45,WIPE,378,522,58.0,0.42,1,-16.527,36.31,7.16,-78.2,21.46,237,0,51,234,522,80,4,0,0,0,0,123.9
795,42,VICTORY,0,900,100.0,0.0,2,1053.413,1113.78,994.98,1169.08,996.18,624,66,18,192,900,195,5,0,0,0,0,124.0
796,35,VICTORY,0,900,100.0,0.0,2,1030.85,1097.95,1131.75,974.15,986.65,753,0,21,126,900,0,2,0,0,0,0,124.1
797,61,WIPE,621,279,31.0,0.69,1,-151.367,-136.25,-164.9,-80.2,-209.0,120,33,42,84,279,200,3,0,0,0,0,124.3
798,44,WIPE,606,294,32.67,0.6733,1,-134.297,-94.36,-183.13,-25.63,-194.13,81,63,0,150,294,170,4,0,0,0,0,124.6
799,43,VICTORY,0,900,100.0,0.0,2,1078.77,1174.42,1094.27,1107.77,1034.27,723,0,27,150,900,115,5,0,0,0,0,124.7
800,41,VICTORY,0,900,100.0,0.0,2,1037.09,1174.29,1055.09,1071.59,984.59,795,0,0,105,900,160,5,0,0,0,0,124.9
801,48,VICTORY,0,900,100.0,0.0,2,1017.487,1192.92,954.12,1091.02,1007.32,870,0,30,0,900,80,8,0,0,0,0,125.0
802,24,VICTORY,0,900,100.0,0.0,2,975.793,1124.41,1017.46,1015.46,894.46,633,33,0,234,900,0,3,0,0,0,0,125.1
803,36,WIPE,540,360,40.0,0.6,1,2.25,41.3,-13.45,113.85,-93.65,201,33,0,126,360,189,3,0,0,0,0,125.2
804,37,WIPE,624,276,30.67,0.6933,1,27.107,-29.06,-48.86,147.74,-17.56,0,66,0,210,276,145,5,0,0,0,0,125.3
805,55,VICTORY,0,900,100.0,0.0,2,1069.883,1144.0,1076.95,1114.55,1018.15,816,0,0,84,900,164,6,0,0,0,0,125.6
806,38,WIPE,302,598,66.44,0.3356,1,57.53,14.78,-0.67,96.63,76.63,424,0,27,147,598,220,7,0,0,0,0,125.7
807,28,VICTORY,0,900,100.0,0.0,2,1013.82,1202.87,1060.82,1047.52,933.12,765,0,9,126,900,35,2,0,0,0,0,125.8
808,39,WIPE,348,552,61.33,0.3867,1,32.02,-66.98,62.52,79.92,-46.38,0,15,9,528,552,131,5,0,0,0,0,125.9
809,35,VICTORY,0,900,100.0,0.0,2,1051.35,1089.4,1046.65,1006.75,1100.65,786,0,9,105,900,189,9,0,0,0,0,126.0
810,30,WIPE,618,282,31.33,0.6867,1,40.91,49.91,42.01,75.71,5.01,159,0,39,84,282,70,3,0,0,0,0,126.1
811,30,WIPE,582,318,35.33,0.6467,1,10.21,-44.74,25.81,1.41,3.41,201,33,0,84,318,80,5,0,0,0,0,126.2
812,36,VICTORY,0,900,100.0,0.0,2,1062.373,1181.99,1035.54,1120.84,1030.74,786,0,30,84,900,144,8,0,0,0,0,126.3
813,33,WIPE,297,603,67.0,0.33,1,17.58,50.48,-23.62,89.18,-12.82,477,0,0,126,603,151,7,0,0,0,0,126.5
814,40,WIPE,624,276,30.67,0.6933,1,-4.59,-79.19,-130.69,89.41,27.51,81,0,0,195,276,115,6,0,0,0,0,126.6
815,94,WIPE,621,279,31.0,0.69,1,-226.073,-181.93,-418.73,-67.94,-191.55,81,180,18,0,279,290,5,0,0,0,0,126.9
816,26,VICTORY,0,900,100.0,0.0,2,1045.807,1174.29,1108.54,956.54,1072.34,714,0,30,156,900,80,5,0,0,0,0,127.0
817,32,WIPE,425,475,52.78,0.4722,1,74.69,31.24,73.29,72.89,77.89,184,0,18,273,475,0,3,0,0,0,0,127.0
818,47,VICTORY,0,900,100.0,0.0,2,989.297,1122.28,1059.53,1002.23,906.13,621,15,27,237,900,235,5,0,0,0,0,127.2
819,33,VICTORY,0,900,100.0,0.0,2,1053.67,1219.27,1078.67,1035.07,1047.27,828,0,30,42,900,12,3,0,0,0,0,127.4
820,32,VICTORY,0,900,100.0,0.0,2,1109.68,1152.48,1060.38,1090.58,1178.08,657,0,12,231,900,118,7,0,0,0,0,127.5
821,45,WIPE,294,606,67.33,0.3267,1,38.527,100.11,18.06,67.86,29.66,480,33,9,84,606,95,8,0,0,0,0,127.6
822,30,VICTORY,0,900,100.0,0.0,2,1090.733,1148.55,1151.7,1055.8,1064.7,660,0,9,231,900,18,5,0,0,0,0,127.7
823,29,VICTORY,0,900,100.0,0.0,2,1031.61,1088.16,1064.01,995.81,1035.01,516,114,18,252,900,115,4,0,0,0,0,127.8
824,28,VICTORY,0,900,100.0,0.0,2,1067.053,1117.07,1023.92,1094.62,1082.62,584,43,0,273,900,103,4,0,0,0,0,127.9
825,43,WIPE,336,564,62.67,0.3733,1,4.213,17.68,-68.32,80.38,0.58,0,96,18,450,564,160,5,0,0,0,0,128.0
826,27,WIPE,258,642,71.33,0.2867,1,42.14,124.64,45.44,35.04,45.94,555,0,0,87,642,53,3,0,0,0,0,128.1
827,29,WIPE,630,270,30.0,0.7,1,34.62,7.27,58.12,23.12,22.62,120,0,0,150,270,0,5,0,0,0,0,128.3
828,34,VICTORY,0,900,100.0,0.0,2,1057.36,1171.06,1054.86,1062.96,1054.26,807,0,9,84,900,100,4,0,0,0,0,128.4
829,41,WIPE,591,309,34.33,0.6567,1,19.333,2.6,-40.2,103.5,-5.3,0,0,30,279,309,195,7,0,0,0,0,128.5
830,39,WIPE,612,288,32.0,0.68,1,33.22,-0.98,57.22,44.82,-2.38,81,33,48,126,288,320,7,0,0,0,0,128.6
831,36,WIPE,615,285,31.67,0.6833,1,-93.617,-59.79,-104.95,-51.65,-124.25,81,0,57,147,285,241,6,0,0,0,0,128.7
832,30,VICTORY,0,900,100.0,0.0,2,1059.267,1191.1,1039.4,1090.0,1048.4,786,0,9,105,900,45,6,0,0,0,0,128.8
833,32,WIPE,359,541,60.11,0.3989,1,24.323,130.64,61.99,17.69,-6.71,541,0,0,0,541,35,2,0,0,0,0,128.9
834,36,VICTORY,0,900,100.0,0.0,2,1069.207,1211.94,1082.14,1064.34,1061.14,891,0,9,0,900,80,7,0,0,0,0,129.0
835,34,VICTORY,0,900,100.0,0.0,2,1068.36,1170.41,1050.06,1091.46,1063.56,816,33,9,42,900,42,8,0,0,0,0,129.3
836,32,VICTORY,0,900,100.0,0.0,2,1057.613,1202.78,1049.58,1105.88,1017.38,810,0,27,63,900,70,4,0,0,0,0,129.5
837,30,VICTORY,0,900,100.0,0.0,2,1037.967,1206.85,1040.9,1054.6,1018.4,900,0,0,0,900,30,5,0,0,0,0,129.5
838,35,VICTORY,0,900,100.0,0.0,2,1048.85,1224.3,1074.05,1050.75,1021.75,900,0,0,0,900,35,5,0,0,0,0,129.6
839,28,VICTORY,0,900,100.0,0.0,2,1056.887,1157.32,1027.12,1019.12,1124.42,578,0,36,286,900,50,6,0,0,0,0,129.7
840,46,VICTORY,0,900,100.0,0.0,2,1030.74,1137.59,1030.64,1064.74,996.84,774,0,0,126,900,150,7,0,0,0,0,129.9
841,40,VICTORY,0,900,100.0,0.0,2,1076.9,1111.55,1058.0,1080.9,1091.8,723,33,18,126,900,121,5,0,0,0,0,130.0
842,32,VICTORY,0,900,100.0,0.0,2,1053.347,1194.03,1048.78,1041.28,1069.98,804,33,0,63,900,66,8,0,0,0,0,130.1
843,32,VICTORY,0,900,100.0,0.0,2,1003.847,1142.03,1023.28,1010.28,977.98,786,0,9,105,900,0,6,0,0,0,0,130.3
844,30,VICTORY,0,900,100.0,0.0,2,1071.533,1183.95,1082.4,1095.8,1036.4,813,15,30,42,900,118,6,0,0,0,0,130.4
845,35,VICTORY,0,900,100.0,0.0,2,1031.75,1179.05,1074.35,994.35,1026.55,816,0,21,63,900,24,5,0,0,0,0,130.5
846,75,WIPE,654,246,27.33,0.7267,0,-304.423,-64.34,-519.44,-187.59,-206.24,81,147,18,0,246,160,6,0,0,0,0,130.7
847,36,VICTORY,0,900,100.0,0.0,2,1067.507,1203.19,1061.34,1054.04,1087.14,795,0,21,84,900,65,8,0,0,0,0,130.8
848,51,WIPE,624,276,30.67,0.6933,1,28.033,29.65,97.4,14.5,-27.8,201,33,0,42,276,154,6,0,0,0,0,130.9
849,42,VICTORY,0,900,100.0,0.0,2,1061.247,1160.63,1070.58,1122.38,990.78,693,0,57,150,900,0,5,0,0,0,0,131.2
850,27,VICTORY,0,900,100.0,0.0,2,1029.997,1169.28,1047.63,1020.23,1022.13,792,15,9,84,900,13,4,0,0,0,0,131.3
851,53,WIPE,471,429,47.67,0.5233,1,-39.153,-76.42,-138.02,15.38,5.18,81,33,0,315,429,85,9,0,0,0,0,131.4
852,33,VICTORY,0,900,100.0,0.0,2,1018.603,1190.32,1032.77,1004.67,1018.37,795,0,0,105,900,110,5,0,0,0,0,131.5
853,43,VICTORY,0,900,100.0,0.0,2,1050.67,1060.42,1074.07,1144.87,933.07,714,0,39,147,900,180,10,0,0,0,0,131.7
854,40,WIPE,597,303,33.67,0.6633,1,35.143,-60.19,-8.89,99.91,14.41,162,0,57,84,303,211,8,0,0,0,0,131.8
855,33,WIPE,561,339,37.67,0.6233,1,30.68,12.08,-12.12,43.78,60.38,201,33,21,84,339,110,8,0,0,0,0,131.9
856,34,VICTORY,0,900,100.0,0.0,2,1058.827,1187.21,1075.46,1066.46,1034.56,828,0,30,42,900,95,7,0,0,0,0,132.1
857,41,WIPE,612,288,32.0,0.68,1,-90.967,-66.34,-136.8,-112.1,-24.0,201,0,0,87,288,85,5,0,0,0,0,132.3
858,47,VICTORY,0,900,100.0,0.0,2,1018.997,1117.88,1008.33,1054.13,994.53,615,0,9,276,900,135,6,0,0,0,0,132.4
859,47,VICTORY,0,900,100.0,0.0,2,1090.597,1121.33,1083.13,1123.03,1065.63,798,0,18,84,900,190,4,0,0,0,0,132.6
860,36,WIPE,582,318,35.33,0.6467,1,3.617,21.45,17.65,57.15,-63.95,132,48,30,108,318,225,9,0,0,0,0,132.7
861,51,WIPE,489,411,45.67,0.5433,1,-38.633,39.0,-174.5,37.4,21.2,0,63,9,339,411,245,8,0,0,0,0,132.8
862,34,VICTORY,0,900,100.0,0.0,2,1073.727,1175.56,1112.66,1089.96,1018.56,828,0,9,63,900,70,5,0,0,0,0,133.0
863,36,VICTORY,0,900,100.0,0.0,2,1073.44,1099.29,1008.44,1095.94,1115.94,558,15,9,318,900,230,7,0,0,0,0,133.1
864,38,WIPE,300,600,66.67,0.3333,1,75.863,3.73,47.03,126.53,54.03,81,96,42,381,600,165,8,0,0,0,0,133.2
865,41,VICTORY,0,900,100.0,0.0,2,991.223,1171.89,995.79,980.79,997.09,879,0,21,0,900,75,6,0,0,0,0,133.4
866,43,WIPE,615,285,31.67,0.6833,1,3.313,37.53,-18.02,33.18,-5.22,159,96,30,0,285,95,2,0,0,0,0,133.5
867,34,VICTORY,0,900,100.0,0.0,2,1032.86,1135.46,1059.16,985.26,1054.16,735,0,18,147,900,50,6,0,0,0,0,133.6
868,53,VICTORY,0,900,100.0,0.0,2,1053.07,1141.52,930.47,1156.37,1072.37,771,99,30,0,900,225,2,0,0,0,0,133.8
869,36,VICTORY,0,900,100.0,0.0,2,1042.407,1184.19,1006.44,1023.04,1097.74,786,0,9,105,900,0,3,0,0,0,0,134.0
870,36,WIPE,612,288,32.0,0.68,1,-47.25,34.65,54.05,-17.45,-178.35,120,0,18,150,288,65,10,0,0,0,0,134.1
871,38,VICTORY,0,900,100.0,0.0,2,1080.953,1202.42,1070.32,1052.32,1120.22,816,0,0,84,900,23,8,0,0,0,0,134.3
872,35,WIPE,627,273,30.33,0.6967,1,50.327,-58.49,16.56,87.26,47.16,81,0,0,192,273,105,6,0,0,0,0,134.4
873,36,VICTORY,0,900,100.0,0.0,2,1047.307,1205.64,1026.54,1055.24,1060.14,837,0,0,63,900,50,7,0,0,0,0,134.5
874,36,VICTORY,0,900,100.0,0.0,2,1041.94,1192.34,1076.64,1017.24,1031.94,786,0,9,105,900,0,2,0,0,0,0,134.6
875,51,VICTORY,0,900,100.0,0.0,2,703.52,1110.59,1095.59,1079.69,-64.72,723,0,9,168,900,0,5,0,0,0,0,134.8
876,30,WIPE,612,288,32.0,0.68,1,86.01,58.61,107.21,90.51,60.31,159,0,0,129,288,55,5,0,0,0,0,135.0
877,37,VICTORY,0,900,100.0,0.0,2,1095.63,1143.98,1082.43,1098.73,1105.73,795,0,0,105,900,169,5,0,0,0,0,135.2
878,38,WIPE,606,294,32.67,0.6733,1,-6.103,22.23,-13.97,29.23,-33.57,0,33,27,234,294,240,7,0,0,0,0,135.3
879,34,VICTORY,0,900,100.0,0.0,2,1052.16,1233.86,1101.66,1030.26,1024.56,900,0,0,0,900,30,5,0,0,0,0,135.4
880,39,VICTORY,0,900,100.0,0.0,2,1041.71,1131.51,1119.51,1017.11,988.51,699,33,18,150,900,80,4,0,0,0,0,135.5
881,39,VICTORY,0,900,100.0,0.0,2,1102.977,1165.21,1126.31,1120.31,1062.31,786,0,9,105,900,65,8,0,0,0,0,135.7
882,36,WIPE,627,273,30.33,0.6967,1,18.25,-20.85,19.15,78.15,-42.55,81,15,30,147,273,215,6,0,0,0,0,135.8
883,33,VICTORY,0,900,100.0,0.0,2,1082.403,1166.32,1084.97,1053.47,1108.77,786,0,9,105,900,50,5,0,0,0,0,135.9
884,48,WIPE,597,303,33.67,0.6633,1,54.03,-22.87,22.13,93.43,46.53,0,63,48,192,303,160,9,0,0,0,0,136.2
885,37,VICTORY,0,900,100.0,0.0,2,1043.397,1166.38,1047.43,1054.93,1027.83,870,0,30,0,900,18,4,0,0,0,0,136.3
886,31,VICTORY,0,900,100.0,0.0,2,1044.223,1175.19,1083.89,1038.19,1010.59,858,0,0,42,900,24,3,0,0,0,0,136.4
887,48,VICTORY,0,900,100.0,0.0,2,998.487,1071.47,951.42,1072.12,971.92,477,48,18,357,900,160,12,0,0,0,0,136.6
888,34,VICTORY,0,900,100.0,0.0,2,1069.593,1206.01,1048.76,1114.36,1045.66,771,15,9,105,900,0,4,0,0,0,0,136.7
889,30,VICTORY,0,900,100.0,0.0,2,1034.267,1149.6,1062.3,1043.5,997.0,786,0,9,105,900,70,4,0,0,0,0,136.8
890,35,VICTORY,0,900,100.0,0.0,2,1045.95,1110.3,1017.45,1073.35,1047.05,711,33,30,126,900,215,5,0,0,0,0,136.9
891,41,VICTORY,0,900,100.0,0.0,2,1059.323,1149.14,1056.89,1122.09,998.99,864,15,0,21,900,240,6,0,0,0,0,137.1
892,36,VICTORY,0,900,100.0,0.0,2,980.24,1177.24,1016.04,967.54,957.14,702,0,9,189,900,80,4,0,0,0,0,137.3
893,35,VICTORY,0,900,100.0,0.0,2,1043.283,1161.55,1029.75,1030.95,1069.15,756,0,18,126,900,73,6,0,0,0,0,137.4
894,34,VICTORY,0,900,100.0,0.0,2,1022.993,1167.86,1041.16,1023.46,1004.36,840,0,18,42,900,94,5,0,0,0,0,137.5
895,35,VICTORY,0,900,100.0,0.0,2,1063.717,1171.0,1060.35,1054.15,1076.65,819,0,18,63,900,90,7,0,0,0,0,137.6
896,40,WIPE,630,270,30.0,0.7,1,60.743,-67.04,130.51,23.31,28.41,81,0,63,126,270,234,8,0,0,0,0,137.7
897,31,VICTORY,0,900,100.0,0.0,2,1106.023,1160.34,1080.69,1156.99,1080.39,819,0,18,63,900,130,6,0,0,0,0,137.8
898,28,VICTORY,0,900,100.0,0.0,2,1057.787,1203.82,1083.72,1025.02,1064.62,828,0,9,63,900,24,3,0,0,0,0,137.9
899,29,WIPE,393,507,56.33,0.4367,1,83.22,35.97,106.02,70.62,73.02,360,0,0,147,507,25,4,0,0,0,0,138.1
900,35,VICTORY,0,900,100.0,0.0,2,1076.117,1138.3,1081.75,1142.95,1003.65,680,0,70,150,900,205,7,0,0,0,0,138.2
901,30,WIPE,417,483,53.67,0.4633,1,11.21,25.46,9.71,9.01,14.91,357,0,21,105,483,126,5,0,0,0,0,138.3
902,37,WIPE,375,525,58.33,0.4167,1,19.807,19.79,57.34,33.94,-31.86,357,0,0,168,525,254,7,0,0,0,0,138.4
903,36,VICTORY,0,900,100.0,0.0,2,1051.74,1197.49,1061.54,1052.54,1041.14,786,0,9,105,900,35,4,0,0,0,0,138.5
904,46,VICTORY,0,900,100.0,0.0,2,1044.24,1166.94,1046.94,1072.44,1013.34,594,81,36,189,900,30,6,0,0,0,0,138.6
905,40,WIPE,630,270,30.0,0.7,1,-17.803,-83.19,-2.79,-66.23,15.61,0,0,18,252,270,0,7,0,0,0,0,138.7
906,32,VICTORY,0,900,100.0,0.0,2,1050.047,1188.08,1052.08,1070.88,1027.18,762,0,33,105,900,78,6,0,0,0,0,138.8
907,60,WIPE,609,291,32.33,0.6767,1,-114.767,-152.88,-125.19,-64.44,-154.67,0,96,27,168,291,80,9,0,0,0,0,139.1
908,28,VICTORY,0,900,100.0,0.0,2,1058.22,1108.57,1041.62,1012.52,1120.52,543,33,30,294,900,35,1,0,0,0,0,139.2
909,47,VICTORY,0,900,100.0,0.0,2,1063.763,1159.83,1036.03,1160.03,995.23,747,0,48,105,900,274,6,0,0,0,0,139.3
910,31,VICTORY,0,900,100.0,0.0,2,1103.79,1208.29,1132.79,1078.59,1099.99,822,15,0,63,900,65,4,0,0,0,0,139.4
911,73,WIPE,621,279,31.0,0.69,1,-78.103,63.88,-76.52,-47.86,-109.93,0,48,0,231,279,30,3,0,0,0,0,139.6
912,34,WIPE,285,615,68.33,0.3167,1,60.37,82.77,56.57,74.87,49.67,477,0,9,129,615,120,5,0,0,0,0,139.7
913,36,VICTORY,0,900,100.0,0.0,2,1063.14,1189.89,1082.94,1057.14,1049.34,783,15,18,84,900,65,3,0,0,0,0,139.9
914,32,VICTORY,0,900,100.0,0.0,2,1086.08,1169.53,1075.78,1089.38,1093.08,744,30,0,126,900,80,5,0,0,0,0,140.0
915,39,VICTORY,0,900,100.0,0.0,2,1028.143,1114.91,1010.11,1062.41,1011.91,849,0,9,42,900,155,6,0,0,0,0,140.2
916,38,VICTORY,0,900,100.0,0.0,2,1005.72,1109.47,1031.52,1022.12,963.52,693,0,18,189,900,200,6,0,0,0,0,140.3
917,32,VICTORY,0,900,100.0,0.0,2,1024.513,1177.33,1030.18,1025.48,1017.88,816,0,0,84,900,86,2,0,0,0,0,140.4
918,40,VICTORY,0,900,100.0,0.0,2,1014.3,1098.25,1073.1,956.8,1013.0,717,48,30,105,900,80,7,0,0,0,0,140.5
919,44,WIPE,606,294,32.67,0.6733,1,-122.863,-42.43,-179.33,-84.63,-104.63,159,33,39,63,294,89,7,0,0,0,0,140.6
920,36,VICTORY,0,900,100.0,0.0,2,1055.54,1163.24,1046.04,1103.24,1017.34,741,0,9,150,900,111,4,0,0,0,0,140.9
921,47,WIPE,615,285,31.67,0.6833,1,-126.16,-128.04,-172.26,-131.96,-74.26,81,15,18,171,285,210,9,0,0,0,0,141.0
922,38,VICTORY,0,900,100.0,0.0,2,1056.12,1136.67,1058.12,1056.92,1053.32,711,0,21,168,900,105,6,0,0,0,0,141.2
923,31,VICTORY,0,900,100.0,0.0,2,1039.123,1182.24,1036.39,1064.19,1016.79,774,33,9,84,900,70,5,0,0,0,0,141.3
924,33,WIPE,255,645,71.67,0.2833,1,77.113,107.63,79.38,98.68,53.28,480,15,0,150,645,125,4,0,0,0,0,141.4
925,46,WIPE,603,297,33.0,0.67,1,-48.95,7.05,-112.95,-14.05,-19.85,0,126,21,150,297,80,10,0,0,0,0,141.5
926,35,VICTORY,0,900,100.0,0.0,2,1016.483,1166.5,1025.35,1015.35,1008.75,819,0,18,63,900,165,5,0,0,0,0,141.6
927,32,WIPE,627,273,30.33,0.6967,1,33.69,76.34,44.99,33.39,22.69,159,0,9,105,273,32,8,0,0,0,0,141.8
928,38,WIPE,621,279,31.0,0.69,1,16.697,-45.27,27.93,62.73,-40.57,81,0,9,189,279,160,7,0,0,0,0,141.9
929,37,WIPE,621,279,31.0,0.69,1,30.407,-12.26,46.94,38.74,5.54,162,66,9,42,279,130,6,0,0,0,0,142.0
930,40,WIPE,612,288,32.0,0.68,1,-3.59,-17.19,-45.59,51.11,-16.29,81,0,39,168,288,145,8,0,0,0,0,142.2
931,27,VICTORY,0,900,100.0,0.0,2,1047.93,1191.68,1030.03,1090.43,1023.33,828,0,9,63,900,0,4,0,0,0,0,142.2
932,36,VICTORY,0,900,100.0,0.0,2,1070.107,1112.79,1096.84,1046.74,1066.74,699,33,0,168,900,35,4,0,0,0,0,142.3
933,38,WIPE,339,561,62.33,0.3767,1,-6.937,41.93,-99.07,104.73,-26.47,438,0,18,105,561,130,6,0,0,0,0,142.5
934,58,VICTORY,0,900,100.0,0.0,2,1051.72,1094.37,1062.02,1055.22,1037.92,726,48,0,126,900,290,12,0,0,0,0,142.7
935,44,VICTORY,0,900,100.0,0.0,2,1046.893,1071.21,979.86,1107.56,1053.26,453,48,18,381,900,210,9,0,0,0,0,143.0
936,40,VICTORY,0,900,100.0,0.0,2,1022.5,1103.85,985.2,1042.7,1039.6,555,66,39,240,900,150,6,0,0,0,0,143.1
937,29,WIPE,510,390,43.33,0.5667,1,40.487,41.27,69.42,14.82,37.22,282,0,0,108,390,0,4,0,0,0,0,143.2
938,53,WIPE,501,399,44.33,0.5567,1,-211.253,-50.86,-203.42,-191.72,-238.62,81,267,9,42,399,204,4,0,0,0,0,143.4
939,31,VICTORY,0,900,100.0,0.0,2,1050.357,1197.84,1065.49,1050.69,1034.89,759,15,18,108,900,70,6,0,0,0,0,143.6
940,44,VICTORY,0,900,100.0,0.0,2,1013.027,1141.51,1032.86,1006.46,999.76,705,45,0,150,900,150,7,0,0,0,0,143.7
941,32,VICTORY,0,900,100.0,0.0,2,658.567,1089.53,1031.58,-91.86,1035.98,615,0,9,276,900,0,7,0,0,0,0,143.8
942,32,VICTORY,0,900,100.0,0.0,2,1042.147,1139.03,1066.48,1054.08,1005.88,774,0,0,126,900,90,6,0,0,0,0,144.1
943,29,WIPE,375,525,58.33,0.4167,1,18.82,106.82,16.02,47.52,-7.08,357,33,9,126,525,75,7,0,0,0,0,144.2
944,42,WIPE,39,861,95.67,0.0433,2,82.957,185.89,81.59,43.49,123.79,798,0,0,63,861,50,10,0,0,0,0,144.4
